User-ID,ISBN,Book-Rating
1,9780141439556,0
1,9780440212560,6
1,9780547928227,1
1,9780156029438,10
1,9780451524935,0
1,9781501110368,0
1,9780316015844,9
1,9780307472880,7
1,9780446605236,10
1,9780525478812,7
1,9780141439518,8
1,9780143124542,7
1,9780307887436,3
1,9780312674397,2
1,9780812981605,1
1,9780679732761,7
1,9780142437209,10
1,9780062024039,1
1,9780345337665,0
1,9780140280098,7
2,9780312924584,10
2,9780060883287,1
2,9780399590504,1
2,9780547928227,2
2,9780062073488,9
2,9781503278921,6
2,9780143113492,9
2,9780553380958,8
2,9780394758282,7
2,9780307472880,6
2,9780451524935,7
2,9780441478125,9
2,9780553293357,6
2,9780553103540,3
2,9780307588364,8
2,9780060850524,8
2,9780441569595,9
2,9780812550702,10
2,9780553418026,10
2,9780062693662,10
2,9780441172719,10
2,9780307341556,0
2,9781594634024,8
2,9780553283686,10
2,9781250301697,7
2,9780307474278,10
2,9780307454546,9
2,9780307887436,8
2,9780345391803,10
3,9780553418026,10
3,9780743273565,2
3,9780807014295,8
3,9780553380163,10
3,9780553380958,10
3,9780525478812,3
3,9780441569595,10
3,9780142437247,5
3,9780441172719,7
3,9780441478125,6
3,9780307887436,6
3,9780345391803,9
3,9780307352149,10
3,9780812981605,6
3,9780062316097,10
3,9780399590504,9
3,9780553283686,9
3,9780553293357,9
3,9780060850524,0
3,9780062457714,8
3,9780374533557,9
3,9780451524935,9
3,9780062407801,10
3,9780735211292,9
3,9780307588364,5
3,9780375826696,0
3,9780316017930,9
3,9781524763138,10
3,9780812550702,9
3,9780440414803,1
3,9780544336261,2
4,9780441172719,1
4,9780062094354,9
4,9781501142970,7
4,9780307341556,1
4,9780062259653,9
4,9780380729407,0
4,9780486411095,10
4,9780060850524,4
4,9780307743683,9
4,9780345391803,0
4,9780812550702,2
4,9781501156751,10
4,9780143039983,7
4,9780307743657,6
4,9780345337665,10
4,9780486282114,8
4,9780547928227,6
4,9780486266847,6
5,9780062094354,0
5,9780440414803,0
5,9780553283686,9
5,9780765326355,1
5,9780812981605,0
5,9780441172719,7
5,9780812550702,9
5,9780439023528,3
5,9780553418026,10
5,9780441478125,8
5,9780307887436,0
5,9780441569595,8
5,9780553380958,10
5,9780553293357,10
5,9780064404990,0
5,9780060850524,7
5,9780345391803,8
5,9780451524935,8
5,9780679732761,1
6,9780312924584,0
6,9780062024039,0
6,9780143113492,7
6,9780062073488,10
6,9781250301697,9
6,9780307887436,3
6,9781594634024,6
6,9780812981605,2
6,9780553103540,2
6,9780307341556,8
6,9780735211292,0
6,9780679879244,2
6,9780307588364,9
6,9780307454546,0
6,9780062693662,8
6,9780307474278,10
6,9780812550702,5
6,9780394758282,9
6,9781503278921,10
7,9781400033416,10
7,9780307743683,4
7,9780141439518,1
7,9780679732761,9
7,9780143039433,9
7,9780143035008,8
7,9780486415871,7
7,9780441478125,5
7,9780316769488,9
7,9780060883287,0
7,9781400079988,9
7,9781524763138,6
7,9780440212560,3
7,9780743273565,7
7,9780060935467,10
7,9780345391803,4
7,9780380729407,0
7,9780142437247,9
7,9780440180296,9
8,9780679879244,7
8,9780756404741,0
8,9780786838653,9
8,9780345391803,0
8,9780375826696,9
8,9780618640157,10
8,9780064404990,9
8,9780307454546,2
8,9780765311788,9
8,9780553103540,0
8,9780590353427,0
8,9780385737951,1
8,9780765326355,7
8,9780486282114,4
8,9780441478125,4
9,9780618640157,0
9,9780441478125,5
9,9780553380958,2
9,9780307352149,9
9,9780062316097,10
9,9780062407801,0
9,9780765311788,7
9,9780679879244,9
9,9780812981605,8
9,9780143039433,1
9,9780064404990,6
9,9780062457714,10
9,9780756404741,10
9,9780735211292,8
9,9780399590504,7
9,9780765326355,10
9,9780807014295,10
9,9780451524935,0
9,9781524763138,8
9,9780316017930,0
9,9780375826696,8
9,9780143113492,3
9,9780307341556,3
9,9780812548051,8
9,9780374533557,6
9,9780590353427,7
9,9780553380163,10
9,9780553103540,10
9,9780786838653,9
9,9780547928227,9
10,9781250301697,9
10,9781594634024,10
10,9781503278921,9
10,9780141439518,1
10,9780307352149,0
10,9780544336261,5
10,9780062457714,3
10,9780062693662,10
10,9781400033416,0
10,9780307474278,0
10,9780062073488,7
10,9780440180296,4
10,9780312924584,7
10,9780143113492,0
10,9780143124542,5
10,9780385737951,4
10,9780307341556,9
10,9780307454546,9
10,9780394758282,8
10,9780307588364,9
11,9780486411095,7
11,9781250012579,5
11,9780316015844,7
11,9780141439556,7
11,9780143113492,5
11,9780140280098,7
11,9780143124542,10
11,9780440212560,6
11,9780142437209,10
11,9780062094354,3
11,9780553103540,5
11,9780553283686,7
11,9781501110368,8
11,9780142410318,0
12,9780440212560,8
12,9780375826696,9
12,9780141439556,0
12,9780756404741,10
12,9780140280098,10
12,9780141439518,10
12,9780553103540,8
12,9780765326355,10
12,9780525478812,9
12,9781400033416,1
12,9780064404990,10
12,9780446605236,0
12,9780156029438,9
12,9780765311788,10
12,9780590353427,8
12,9781501110368,8
12,9780062024039,3
12,9780618640157,8
12,9780812548051,8
12,9780380729407,3
12,9780786838653,7
12,9780316015844,8
12,9781524763138,4
12,9780679879244,8
12,9780060935467,5
12,9780142437209,9
12,9780307472880,10
12,9780547928227,10
12,9780143124542,9
13,9780141439518,8
13,9780765311788,10
13,9780307472880,8
13,9780756404741,7
13,9780679879244,8
13,9780316015844,6
13,9780143124542,8
13,9780553103540,9
13,9780140280098,9
13,9781501110368,9
13,9780440212560,0
13,9780141439556,8
13,9780525478812,10
13,9780446605236,7
13,9780590353427,0
13,9780679732761,2
13,9780062457714,6
13,9780618640157,0
13,9780547928227,10
13,9780812550702,2
13,9780375826696,10
13,9780553418026,3
13,9780786838653,9
13,9780142437209,10
13,9780394758282,5
13,9780812548051,6
13,9780156029438,10
13,9780143035008,3
13,9780765326355,8
13,9780064404990,9
14,9780307588364,0
14,9780307474278,8
14,9780399590504,5
14,9780307454546,9
14,9780756404741,5
14,9780143113492,6
14,9780394758282,8
14,9780062693662,9
14,9781250301697,9
14,9780441172719,7
14,9781501156751,3
14,9780765326355,2
14,9780307341556,0
14,9781503278921,9
14,9780062073488,0
14,9780679879244,4
14,9780312924584,9
14,9780765311788,0
14,9781594634024,10
14,9780590353427,1
15,9780060883287,9
15,9780451524935,0
15,9780553380163,4
15,9780345391803,7
15,9780316769488,7
15,9780553380958,0
15,9780553283686,10
15,9780142437247,8
15,9780143035008,10
15,9780679732761,7
15,9780553418026,0
15,9780441478125,9
15,9780143039433,7
15,9780486415871,9
15,9780441569595,9
15,9781501142970,0
15,9781400033416,8
15,9780812550702,9
15,9781627792127,7
15,9780060850524,9
15,9780441172719,10
15,9780307341556,3
15,9780440180296,8
15,9780307887436,0
15,9780060935467,0
15,9780743273565,0
15,9780553293357,10
15,9781400079988,7
15,9780486282114,1
16,9780064404990,8
16,9780547928227,0
16,9780307341556,6
16,9780618640157,8
16,9780441478125,3
16,9780486266847,1
16,9780786838653,9
16,9780765326355,7
16,9780590353427,9
16,9780812548051,8
16,9780307454546,0
16,9780440180296,1
16,9780765311788,0
16,9780375826696,9
16,9780679879244,8
16,9780553103540,9
16,9780544336261,4
16,9780756404741,7
16,9780156029438,5
17,9781503278921,10
17,9780307743683,0
17,9780307341556,7
17,9780060935467,4
17,9780143113492,8
17,9780307588364,8
17,9780312924584,6
17,9780394758282,7
17,9780345391803,3
17,9781594634024,10
17,9781250301697,7
17,9780486415871,1
17,9780142410370,4
17,9780062073488,6
17,9780553380163,2
17,9780440212560,3
17,9780307474278,10
17,9780307454546,9
17,9780064404990,2
17,9780062693662,9
18,9780062457714,9
18,9780062316097,7
18,9780316017930,10
18,9780441172719,8
18,9780553293357,10
18,9780060850524,10
18,9780735211292,6
18,9780307352149,9
18,9780812981605,0
18,9780451524935,8
18,9780140280098,1
18,9780345391803,10
18,9780441569595,10
18,9780553380958,9
18,9780553283686,10
18,9780441478125,7
18,9780807014295,9
18,9780316015844,2
18,9780812550702,0
18,9780399590504,8
18,9780060883287,4
18,9781524763138,8
18,9780307887436,8
18,9780553380163,10
18,9780062407801,9
18,9780374533557,7
18,9780547928227,1
18,9780553418026,9
18,9780765311788,5
19,9780062073488,4
19,9780140280098,7
19,9780142437209,10
19,9780143113492,1
19,9780156029438,0
19,9780446605236,10
19,9780307472880,10
19,9780141439556,10
19,9780525478812,9
19,9781501142970,2
19,9781400079988,7
19,9780486266847,7
19,9780143124542,10
19,9781501110368,10
19,9780141439518,7
19,9780807014295,1
19,9780765326355,1
19,9780440212560,0
20,9780143039433,0
20,9780812981605,2
20,9781501110368,2
20,9780440180296,10
20,9780060935467,7
20,9780743273565,9
20,9780679732761,10
20,9780316769488,10
20,9780679879244,3
20,9781524763138,1
20,9780446605236,1
20,9780142437247,9
20,9780756404741,7
20,9780143035008,0
20,9780060883287,10
20,9780375826696,0
20,9781400079988,10
20,9781400033416,9
20,9780486415871,10
21,9780307454546,0
21,9780140280098,9
21,9780441172719,3
21,9780345337665,3
21,9780143124542,8
21,9780525478812,10
21,9780307352149,2
21,9780143035008,1
21,9780446605236,9
21,9780156029438,0
21,9780440212560,10
21,9780142410370,1
21,9780141439556,9
21,9780142437209,6
21,9780141439518,9
21,9780316015844,0
21,9780307472880,9
21,9780394758282,3
21,9781501110368,8
22,9780316769488,1
22,9780385737951,10
22,9780142410370,8
22,9780439023528,10
22,9780765311788,3
22,9781627792127,8
22,9780553380958,1
22,9780440414803,8
22,9780142410318,7
22,9780375869020,7
22,9780544336261,0
22,9781451696196,0
22,9780590353427,5
22,9780312674397,0
22,9780141439518,5
22,9780062024039,0
22,9780812550702,0
22,9781250012579,9
23,9780441478125,7
23,9780679732761,1
23,9780345391803,7
23,9780141439518,6
23,9780060850524,10
23,9780553380958,0
23,9780307454546,3
23,9780553418026,8
23,9780441172719,9
23,9780451524935,7
23,9780441569595,8
23,9781451696196,2
23,9780307887436,0
23,9780553293357,7
23,9780812550702,0
23,9780553283686,0
23,9780156029438,4
24,9780399590504,0
24,9780812550702,10
24,9780486266847,5
24,9780553283686,7
24,9780307454546,1
24,9780441569595,10
24,9781501110368,2
24,9780345391803,9
24,9780441478125,10
24,9780441172719,10
24,9780060850524,10
24,9780451524935,10
24,9780553418026,10
24,9780307887436,7
24,9780553293357,7
24,9781250301697,2
24,9780553380958,6
24,9780140280098,5
24,9780060883287,1
25,9780156029438,6
25,9780812550702,10
25,9780345337665,4
25,9780441569595,7
25,9780141439518,9
25,9780441478125,0
25,9780812981605,4
25,9780451524935,9
25,9780140280098,10
25,9780062073488,2
25,9780062457714,7
25,9780307887436,8
25,9781594634024,2
25,9781501110368,0
25,9780440212560,0
25,9780525478812,8
25,9780553418026,6
25,9780553283686,8
25,9780553293357,0
25,9780141439556,8
25,9780143124542,9
25,9780142437209,9
25,9780345391803,10
25,9780307472880,0
26,9780374533557,2
26,9780307588364,10
26,9780062693662,0
26,9780590353427,2
26,9780307454546,8
26,9780307887436,10
26,9780553418026,10
26,9780143113492,9
26,9780394758282,8
26,9781503278921,9
26,9781501156751,2
26,9780553380958,0
26,9780060883287,3
26,9780307341556,9
26,9780062073488,9
26,9780441478125,9
26,9780307474278,9
26,9780553283686,9
26,9780441172719,7
26,9780553293357,9
26,9781501110368,7
26,9781250301697,9
26,9780060850524,10
26,9780765326355,7
26,9780441569595,6
26,9781501142970,3
26,9780451524935,10
26,9781594634024,10
26,9780345391803,10
26,9780812550702,9
26,9780312924584,8
27,9780143035008,10
27,9780143039433,8
27,9780679732761,7
27,9780440180296,10
27,9781400079988,0
27,9780156029438,0
27,9780060883287,10
27,9780544336261,10
27,9781250012579,10
27,9780440414803,10
27,9781451696196,7
27,9780062024039,8
27,9780316769488,8
27,9780441569595,2
27,9780486415871,7
27,9780060935467,10
27,9780062094354,2
27,9780385737951,9
27,9780439023528,10
27,9781627792127,9
27,9781400033416,10
27,9780142410370,10
27,9780756404741,4
27,9780312674397,6
27,9780743273565,9
27,9780142437247,9
27,9780375869020,10
27,9780142410318,8
28,9780440180296,10
28,9780312674397,3
28,9780140280098,4
28,9780679732761,10
28,9780385737951,4
28,9781451696196,2
28,9781400079988,10
28,9780451524935,3
28,9780316769488,0
28,9780743273565,0
28,9780553380958,4
28,9781400033416,7
28,9780060883287,9
28,9780060935467,7
28,9780486415871,9
28,9780590353427,5
28,9780143039433,10
28,9780765311788,5
28,9780142437247,9
28,9780143035008,8
29,9781501110368,3
29,9780399590504,9
29,9780374533557,7
29,9780486266847,1
29,9780062407801,10
29,9780307341556,9
29,9781503278921,0
29,9780394758282,9
29,9780307352149,8
29,9780735211292,9
29,9780316017930,7
29,9780812981605,8
29,9780062693662,10
29,9781594634024,10
29,9780062316097,6
29,9780307588364,0
29,9780062073488,10
29,9781250301697,10
29,9781524763138,10
29,9780553380163,7
29,9780807014295,0
29,9780312924584,8
29,9780143113492,10
29,9780307454546,10
29,9780062457714,10
29,9780307474278,0
30,9780544336261,10
30,9781501156751,7
30,9780440414803,9
30,9781627792127,6
30,9780812548051,0
30,9780062094354,6
30,9780143039983,10
30,9780312674397,10
30,9780062259653,6
30,9780142410370,10
30,9780743273565,3
30,9780486411095,10
30,9780345337665,0
30,9781501142970,0
30,9780307743657,7
30,9780618640157,3
30,9781250012579,10
30,9780141439518,3
30,9780439023528,9
30,9780307743683,9
30,9780142410318,0
30,9780486266847,10
30,9780380729407,6
30,9780375869020,10
30,9780486282114,9
30,9780385737951,10
30,9780062024039,7
30,9781451696196,9
30,9780062693662,7
31,9780375826696,1
31,9780062693662,8
31,9780307588364,9
31,9780307454546,0
31,9780312924584,9
31,9780307474278,8
31,9780307743657,1
31,9781503278921,10
31,9781250301697,9
31,9780142437247,3
31,9780062073488,9
31,9780143113492,10
31,9780394758282,9
31,9781594634024,6
31,9780307341556,9
31,9781501110368,4
31,9780439023528,3
31,9780441478125,3
32,9780345337665,10
32,9780399590504,0
32,9780553283686,10
32,9780062094354,10
32,9781501142970,9
32,9780812550702,8
32,9781501156751,10
32,9780441172719,7
32,9780486266847,8
32,9780451524935,9
32,9780345391803,0
32,9780141439518,1
32,9780441478125,9
32,9780486411095,9
32,9780735211292,4
32,9780380729407,10
32,9780385737951,4
32,9781594634024,4
32,9780553380958,7
32,9780553293357,0
32,9780743273565,5
32,9780441569595,7
32,9780060850524,0
32,9780440180296,1
32,9780307743683,10
32,9780307887436,9
32,9780553418026,0
32,9780486282114,7
32,9780307743657,7
32,9780062259653,10
32,9780143039983,9
33,9780140280098,9
33,9781503278921,10
33,9780394758282,9
33,9781501110368,9
33,9780307352149,2
33,9780440212560,0
33,9780141439556,9
33,9780307588364,9
33,9780307472880,8
33,9780141439518,6
33,9780143124542,7
33,9780142437209,8
33,9780312924584,10
33,9780307454546,9
33,9780316015844,9
33,9780525478812,0
34,9780316017930,2
34,9780486266847,10
34,9781501156751,10
34,9780307743683,10
34,9780062259653,7
34,9780307743657,9
34,9780345337665,10
34,9780765311788,5
34,9781250301697,3
34,9780143039983,10
34,9780380729407,9
34,9780143113492,0
34,9781501142970,0
34,9780142437247,5
34,9780140280098,5
34,9780553293357,5
34,9780062457714,5
34,9780486282114,0
34,9780062094354,9
34,9780486411095,7
35,9780375826696,7
35,9780765311788,10
35,9781501110368,10
35,9780553103540,10
35,9780812548051,9
35,9780486411095,4
35,9780064404990,7
35,9780553283686,3
35,9780446605236,9
35,9780141439556,6
35,9780786838653,7
35,9780765326355,10
35,9780307472880,10
35,9780441172719,7
35,9780756404741,10
35,9780618640157,10
35,9780547928227,8
35,9781400079988,5
35,9780141439518,9
35,9780312924584,0
35,9780316015844,9
35,9780525478812,9
35,9780679879244,9
35,9780142437209,10
35,9780140280098,10
35,9780590353427,7
36,9780547928227,8
36,9780451524935,9
36,9780765311788,10
36,9780618640157,10
36,9780812550702,8
36,9780307743683,5
36,9780553380958,7
36,9780441478125,10
36,9780590353427,0
36,9780060850524,7
36,9780553418026,9
36,9780756404741,0
36,9780743273565,3
36,9780375826696,0
36,9780307887436,7
36,9780553283686,7
36,9780553293357,9
36,9780345391803,10
36,9780765326355,9
36,9780441172719,10
36,9780553103540,10
36,9780812548051,9
36,9780441569595,9
36,9780064404990,9
36,9780140280098,3
36,9780486266847,4
36,9781250301697,1
36,9780679879244,9
36,9780786838653,7
36,9780440414803,1
37,9780553293357,9
37,9780140280098,9
37,9780062693662,2
37,9780441478125,9
37,9780525478812,8
37,9780441172719,9
37,9780156029438,10
37,9780307454546,4
37,9780345391803,10
37,9780141439556,10
37,9781451696196,3
37,9780307887436,0
37,9780141439518,7
37,9780142437209,9
37,9781594634024,0
37,9780307743683,1
37,9780812550702,10
37,9781501110368,0
37,9780060850524,7
37,9780451524935,0
37,9780441569595,8
37,9780143124542,10
37,9780142410318,5
37,9780553380958,9
37,9780307472880,0
37,9780446605236,6
37,9780553418026,9
37,9780316015844,8
37,9780440212560,7
37,9780553283686,0
38,9780486266847,9
38,9781501142970,10
38,9780307743657,7
38,9780440212560,0
38,9780486282114,9
38,9780380729407,9
38,9780156029438,6
38,9780062094354,10
38,9781501156751,8
38,9780451524935,5
38,9780679879244,3
38,9780062259653,0
38,9780394758282,2
38,9780486411095,8
38,9780345337665,10
38,9780143039983,9
38,9780807014295,3
38,9780307743683,0
38,9781594634024,5
39,9780142437247,9
39,9780553103540,6
39,9780439023528,4
39,9780060935467,0
39,9780375826696,10
39,9780143039433,9
39,9781400079988,10
39,9780756404741,9
39,9780547928227,9
39,9780618640157,0
39,9780486415871,0
39,9781250012579,4
39,9780679879244,8
39,9780156029438,5
39,9780440180296,7
39,9780679732761,10
39,9780064404990,0
39,9780316769488,10
39,9780143035008,8
39,9781627792127,0
39,9780590353427,10
39,9780765311788,7
39,9781524763138,2
39,9780743273565,8
39,9781400033416,8
39,9780765326355,10
39,9780060883287,8
39,9780735211292,5
39,9781501142970,6
39,9780786838653,9
39,9780812548051,9
40,9780156029438,8
40,9780743273565,3
40,9781501110368,6
40,9781501156751,7
40,9781400033416,1
40,9780143124542,10
40,9780062094354,7
40,9780380729407,7
40,9780553418026,4
40,9780141439518,0
40,9780307743683,10
40,9780525478812,9
40,9780486266847,8
40,9780062457714,0
40,9780345337665,8
40,9780062259653,0
40,9780486411095,10
40,9780307743657,10
40,9780440212560,10
40,9781501142970,9
40,9780486282114,0
40,9780143039983,0
40,9780142437209,0
40,9780385737951,5
40,9780141439556,0
40,9780446605236,0
40,9780316015844,9
40,9780553380163,4
40,9780307472880,0
40,9780812981605,3
40,9780140280098,8
41,9780143039983,3
41,9780440212560,1
41,9780399590504,0
41,9780812981605,0
41,9780374533557,0
41,9780316017930,9
41,9780735211292,8
41,9780307352149,9
41,9780553380163,0
41,9780679732761,4
41,9781524763138,10
41,9780062457714,9
41,9781627792127,0
41,9780807014295,10
41,9780062073488,1
41,9780140280098,7
41,9780765326355,2
41,9780062316097,0
41,9780062407801,9
41,9780307743657,3
42,9781400033416,6
42,9780316769488,0
42,9780307341556,3
42,9780440180296,0
42,9780679732761,9
42,9780743273565,8
42,9780142437247,7
42,9780307588364,2
42,9780141439518,1
42,9780143035008,8
42,9780441478125,1
42,9780060935467,7
42,9780486282114,1
42,9780486415871,10
42,9780060883287,8
42,9780143039433,8
42,9780316017930,1
42,9781400079988,10
43,9780440180296,7
43,9781250301697,8
43,9780143113492,0
43,9780307341556,9
43,9780553418026,0
43,9781503278921,10
43,9780590353427,3
43,9780312924584,9
43,9780062259653,2
43,9780394758282,10
43,9780062073488,8
43,9780062693662,10
43,9780307588364,6
43,9780307454546,8
43,9781594634024,8
43,9780307474278,10
43,9780807014295,7
43,9780743273565,3
43,9781451696196,0
44,9780143039983,2
44,9780812981605,9
44,9780307474278,0
44,9780307743683,2
44,9780345391803,0
44,9780062407801,9
44,9780143039433,4
44,9780307352149,10
44,9780316017930,10
44,9780441172719,4
44,9780807014295,0
44,9780307588364,4
44,9780374533557,8
44,9781524763138,8
44,9780399590504,10
44,9780735211292,10
44,9780062316097,6
44,9780307454546,7
44,9780062457714,10
44,9780553380163,10
45,9780060850524,10
45,9780553380958,9
45,9780553380163,1
45,9780345391803,0
45,9781501142970,10
45,9780060935467,5
45,9780307743657,9
45,9780143035008,2
45,9780062259653,6
45,9780143039983,9
45,9780486266847,10
45,9780553418026,8
45,9780553293357,10
45,9780441569595,10
45,9780486411095,6
45,9780812550702,10
45,9781501156751,8
45,9780345337665,9
45,9780553283686,8
45,9781250301697,0
45,9780307743683,10
45,9780441478125,10
45,9780380729407,0
45,9780307887436,10
45,9780486282114,10
46,9781400079988,2
46,9780060935467,3
46,9780140280098,10
46,9780141439518,9
46,9780451524935,1
46,9780156029438,10
46,9780307472880,9
46,9780525478812,7
46,9780446605236,8
46,9780143124542,8
46,9780141439556,8
46,9780312924584,2
46,9780544336261,4
46,9780440180296,2
46,9780316015844,10
46,9781501110368,10
46,9780440212560,0
46,9780812548051,0
46,9780142437209,8
46,9780743273565,2
47,9780786838653,0
47,9780307454546,5
47,9780312674397,6
47,9780062457714,0
47,9780375869020,9
47,9780062316097,1
47,9780439023528,10
47,9780345391803,2
47,9780142410370,6
47,9781451696196,8
47,9780544336261,10
47,9780440414803,9
47,9780142410318,10
47,9781250012579,8
47,9780380729407,0
47,9780385737951,0
47,9780062024039,10
47,9781627792127,8
47,9780812550702,1
48,9780394758282,9
48,9780307474278,8
48,9780553418026,1
48,9780307454546,9
48,9780679732761,1
48,9780062073488,8
48,9780385737951,7
48,9780812548051,0
48,9780786838653,7
48,9781501156751,1
48,9780446605236,3
48,9780312924584,10
48,9780307588364,10
48,9780143113492,8
48,9781503278921,10
48,9780062259653,5
48,9780062693662,8
48,9781250301697,9
48,9780307341556,9
48,9781594634024,9
49,9780307341556,9
49,9781594634024,7
49,9780307454546,10
49,9780062693662,0
49,9781250301697,9
49,9780060850524,5
49,9780451524935,4
49,9780394758282,8
49,9780553293357,0
49,9780307588364,10
49,9780143039983,4
49,9781503278921,10
49,9780312924584,7
49,9780307474278,6
49,9780374533557,7
50,9780307588364,9
50,9780307341556,10
50,9780679879244,0
50,9781594634024,8
50,9780807014295,3
50,9781250301697,10
50,9780553380163,5
50,9780062693662,6
50,9780141439556,5
50,9780394758282,10
50,9780143113492,7
50,9780143035008,2
50,9780544336261,3
50,9780312674397,4
50,9780307454546,0
50,9780743273565,0
50,9780062073488,7
50,9780312924584,6
51,9780380729407,10
51,9780553103540,2
51,9780142410370,0
51,9780307743683,9
51,9780062259653,10
51,9781501156751,8
51,9780486282114,10
51,9781501142970,9
51,9780062693662,5
51,9780441569595,0
51,9780316017930,4
51,9780143039983,8
51,9780307743657,10
51,9780486266847,7
51,9780345337665,10
51,9780486411095,8
51,9780062094354,9
51,9780618640157,2
51,9781250301697,6
52,9780486282114,1
52,9780143035008,9
52,9780679732761,7
52,9780486415871,0
52,9780062407801,5
52,9781250012579,6
52,9780316769488,9
52,9780312674397,6
52,9780142437247,8
52,9780143039433,8
52,9780060935467,9
52,9781400033416,10
52,9781400079988,0
52,9780807014295,0
52,9780743273565,6
52,9780544336261,7
52,9780440180296,0
52,9780380729407,1
52,9780142410318,7
52,9780060883287,10
53,9780812981605,5
53,9781503278921,8
53,9780307341556,10
53,9780141439556,8
53,9780316015844,10
53,9780440212560,9
53,9780765311788,1
53,9780307472880,9
53,9780525478812,10
53,9781594634024,10
53,9780062094354,1
53,9780156029438,7
53,9781250301697,10
53,9781501156751,3
53,9780062693662,10
53,9781501110368,9
53,9780143124542,7
53,9780142437209,10
53,9780394758282,0
53,9780140280098,6
53,9780060850524,2
53,9780307454546,8
53,9780307474278,9
53,9780141439518,10
53,9780143113492,10
53,9780385737951,3
53,9780446605236,8
53,9780062073488,9
53,9780312924584,6
53,9780307588364,10
54,9780812550702,10
54,9780451524935,8
54,9780441478125,10
54,9780142437209,4
54,9780553380958,8
54,9780553293357,9
54,9780060883287,0
54,9780446605236,5
54,9780375869020,3
54,9780441172719,7
54,9780756404741,5
54,9780060850524,9
54,9780143039983,7
54,9780345391803,0
54,9780553283686,10
54,9780142437247,5
54,9780553418026,10
54,9780440180296,7
54,9780441569595,10
54,9780307887436,10
55,9780618640157,9
55,9780786838653,10
55,9780553103540,9
55,9780553380958,1
55,9780812548051,8
55,9780375826696,0
55,9780141439556,5
55,9780765326355,6
55,9780141439518,3
55,9780547928227,10
55,9780553293357,0
55,9780765311788,9
55,9780679879244,10
55,9780590353427,0
55,9780064404990,7
55,9780756404741,0
55,9780142410370,4
56,9780143124542,0
56,9780440180296,4
56,9781250301697,1
56,9780140280098,9
56,9780142437209,10
56,9780440212560,7
56,9780316015844,9
56,9780141439518,9
56,9781594634024,0
56,9780062024039,0
56,9780141439556,10
56,9781451696196,5
56,9781503278921,0
56,9780446605236,9
56,9780307472880,9
56,9781501110368,9
56,9780525478812,10
56,9780156029438,0
56,9780441569595,7
57,9780307454546,10
57,9780062693662,10
57,9780307588364,9
57,9780307474278,10
57,9781594634024,10
57,9780062073488,9
57,9780143124542,1
57,9780394758282,8
57,9781503278921,8
57,9781451696196,7
57,9780143113492,8
57,9780812550702,1
57,9781627792127,1
57,9780439023528,2
57,9780307341556,9
57,9780312924584,0
57,9780375826696,3
57,9781250301697,9
57,9780375869020,0
58,9780143113492,2
58,9780060850524,10
58,9780553380958,6
58,9780441569595,10
58,9780312674397,1
58,9780345391803,7
58,9780062693662,2
58,9780553418026,9
58,9780812550702,10
58,9780441478125,9
58,9780441172719,10
58,9780307743657,7
58,9780553293357,8
58,9780553283686,10
58,9780756404741,3
58,9780062259653,3
58,9781400033416,0
58,9780307887436,0
58,9780451524935,7
59,9780380729407,9
59,9780307743657,7
59,9780807014295,0
59,9780142410318,10
59,9780307743683,6
59,9780345337665,9
59,9781501142970,10
59,9781250301697,3
59,9780062259653,10
59,9780440414803,9
59,9780312674397,10
59,9780385737951,9
59,9780553293357,6
59,9780062094354,10
59,9780062024039,10
59,9781627792127,10
59,9781501156751,10
59,9780486411095,9
59,9781250012579,9
59,9780142410370,10
59,9781451696196,9
60,9780525478812,6
60,9780141439556,3
60,9780618640157,10
60,9780553103540,10
60,9780064404990,0
60,9780143039433,0
60,9780812548051,8
60,9780060850524,0
60,9780590353427,10
60,9780547928227,6
60,9780765311788,7
60,9780756404741,10
60,9780765326355,10
60,9780679879244,0
60,9780375826696,8
60,9780062316097,2
60,9780786838653,10
60,9780316015844,2
61,9780812548051,7
61,9780143039433,1
61,9780525478812,6
61,9780439023528,3
61,9780141439518,6
61,9780307472880,8
61,9780380729407,0
61,9780140280098,9
61,9780141439556,7
61,9780156029438,7
61,9780786838653,10
61,9780547928227,9
61,9780440212560,10
61,9780553103540,0
61,9780142437209,9
61,9780307474278,5
61,9780064404990,7
61,9780765326355,0
61,9780440180296,2
61,9780375826696,7
61,9780765311788,0
61,9780143124542,10
61,9781501110368,9
61,9780679879244,10
61,9780446605236,9
61,9780307743657,0
61,9781400079988,1
61,9780590353427,0
61,9780618640157,10
61,9780316015844,8
61,9780756404741,7
62,9780486415871,2
62,9781250012579,9
62,9780307743657,4
62,9780440414803,8
62,9781627792127,7
62,9780142410318,7
62,9780064404990,6
62,9780486266847,1
62,9780142410370,10
62,9781451696196,0
62,9780312674397,8
62,9780439023528,10
62,9780544336261,10
62,9780380729407,0
62,9780375869020,9
63,9781400079988,0
63,9780064404990,9
63,9780547928227,0
63,9780765311788,9
63,9780062024039,4
63,9780062407801,5
63,9780679732761,8
63,9780486415871,0
63,9780765326355,9
63,9780060935467,9
63,9780440180296,8
63,9780143035008,0
63,9780316769488,6
63,9780375826696,10
63,9780553103540,7
63,9780143039433,9
63,9780786838653,8
63,9781400033416,10
63,9780812548051,7
63,9781451696196,2
63,9780618640157,9
63,9780060883287,0
63,9780679879244,10
63,9780756404741,8
63,9780743273565,0
63,9780375869020,6
63,9780590353427,9
63,9780142437247,10
64,9781627792127,7
64,9781501110368,0
64,9780141439518,9
64,9780375869020,9
64,9780446605236,7
64,9780062024039,6
64,9780156029438,0
64,9780439023528,7
64,9780544336261,0
64,9780143124542,10
64,9781451696196,0
64,9780316015844,8
64,9780385737951,9
64,9781250012579,6
64,9780440414803,9
64,9780142410370,10
64,9780312674397,0
64,9780307472880,0
64,9780140280098,10
64,9780812981605,2
64,9780142410318,8
64,9780142437209,8
64,9780307474278,1
64,9780525478812,0
64,9780143035008,1
64,9780440212560,9
64,9780141439556,0
65,9780316017930,10
65,9780786838653,4
65,9780399590504,10
65,9780140280098,1
65,9780307352149,9
65,9781524763138,10
65,9780143039433,1
65,9780060850524,0
65,9780807014295,7
65,9780142437247,2
65,9780812981605,10
65,9780553380163,9
65,9780062316097,0
65,9780374533557,10
65,9780735211292,7
65,9780486266847,1
65,9780062457714,8
65,9780143039983,4
65,9780062407801,10
66,9780590353427,3
66,9780307474278,9
66,9780553283686,2
66,9780307472880,1
66,9780142410318,7
66,9781503278921,10
66,9780544336261,6
66,9780307588364,0
66,9780143113492,9
66,9780307454546,7
66,9780062693662,0
66,9780525478812,0
66,9780140280098,1
66,9780142437247,3
66,9780307341556,9
66,9780385737951,0
66,9780439023528,10
66,9781250012579,10
66,9781250301697,9
66,9780394758282,0
66,9780440414803,0
66,9781627792127,0
66,9780143035008,4
66,9780062073488,7
66,9781451696196,9
66,9780316017930,3
66,9780312674397,8
66,9780312924584,8
66,9780062024039,10
66,9781594634024,7
66,9780142410370,10
66,9780375869020,9
67,9780394758282,2
67,9780380729407,1
67,9781400033416,0
67,9780446605236,1
67,9780375869020,1
67,9780060883287,10
67,9780679732761,7
67,9780062316097,1
67,9780486415871,9
67,9780812981605,0
67,9780143039433,0
67,9780743273565,10
67,9781400079988,10
67,9780618640157,2
67,9780143035008,8
67,9780142437247,0
67,9780812550702,2
67,9780060935467,9
68,9780807014295,10
68,9780553380163,8
68,9780062316097,7
68,9781503278921,4
68,9780316017930,10
68,9780441172719,0
68,9780399590504,9
68,9781594634024,5
68,9780812981605,0
68,9780062457714,0
68,9780735211292,10
68,9780307352149,8
68,9780786838653,1
68,9781524763138,10
68,9781400079988,3
68,9780345337665,6
68,9780062407801,7
68,9780374533557,0
69,9780486411095,8
69,9780446605236,9
69,9780380729407,7
69,9780156029438,7
69,9780486266847,8
69,9780143124542,9
69,9780307743657,0
69,9780440212560,9
69,9780062259653,10
69,9780140280098,0
69,9780141439556,9
69,9780441569595,1
69,9780062073488,3
69,9780385737951,5
69,9781501142970,0
69,9780142437209,10
69,9780345337665,8
69,9780142410370,1
69,9780141439518,9
69,9780486282114,7
69,9780316015844,0
69,9781501110368,7
69,9780062094354,9
69,9781501156751,8
69,9780307743683,7
69,9780525478812,0
69,9780143039983,9
69,9780765311788,2
69,9780307472880,10
69,9780307454546,3
70,9780375869020,1
70,9780143039433,10
70,9780060883287,0
70,9781400079988,10
70,9781400033416,0
70,9780812550702,7
70,9780440180296,9
70,9780142437247,8
70,9780553380958,7
70,9780486415871,9
70,9780679732761,0
70,9780140280098,1
70,9780316769488,9
70,9780743273565,10
70,9780060935467,9
70,9780143035008,8
70,9780142410318,3
71,9780143035008,3
71,9780141439556,4
71,9780060883287,2
71,9780062024039,9
71,9781627792127,0
71,9780312674397,10
71,9780142410370,10
71,9780385737951,10
71,9780062693662,5
71,9781451696196,10
71,9780765326355,3
71,9781400079988,4
71,9780440414803,10
71,9780439023528,10
71,9780060850524,0
71,9781250012579,6
71,9780375869020,0
71,9780142410318,10
71,9780544336261,10
72,9780062259653,4
72,9780441478125,3
72,9780316769488,8
72,9781501142970,0
72,9781400079988,9
72,9781400033416,6
72,9780143039433,10
72,9780142437247,0
72,9780060883287,10
72,9780062094354,0
72,9780486415871,9
72,9780060935467,8
72,9780618640157,2
72,9780743273565,8
72,9780375869020,5
72,9780679732761,9
72,9780143035008,10
72,9780440180296,9
72,9780142410318,1
73,9780062316097,6
73,9780807014295,9
73,9780062457714,6
73,9780062407801,10
73,9781627792127,4
73,9781524763138,7
73,9780316017930,10
73,9780394758282,1
73,9780374533557,0
73,9780486266847,1
73,9780486282114,1
73,9781451696196,2
73,9780553380163,10
73,9780735211292,8
73,9780307352149,10
73,9780399590504,9
73,9780812981605,10
73,9780679879244,3
73,9780142437209,1
74,9780345337665,9
74,9780307474278,10
74,9780385737951,3
74,9780307588364,7
74,9780380729407,9
74,9780143039983,8
74,9781501142970,8
74,9780062259653,0
74,9780486282114,6
74,9780553380163,4
74,9780062073488,9
74,9780143113492,8
74,9780307743657,0
74,9780394758282,8
74,9780486415871,3
74,9780618640157,7
74,9780312924584,10
74,9780062094354,9
74,9780486411095,9
74,9780307454546,7
74,9780307341556,0
74,9781594634024,6
74,9781503278921,7
74,9780062693662,9
75,9780307588364,10
75,9780156029438,0
75,9780142410318,4
75,9781503278921,0
75,9780141439556,0
75,9780307474278,0
75,9780062693662,0
75,9780374533557,4
75,9780440212560,7
75,9780062073488,10
75,9780525478812,10
75,9780446605236,10
75,9780394758282,8
75,9780307472880,7
75,9780307454546,7
75,9780140280098,9
75,9781501110368,8
75,9780142437209,7
75,9780486266847,1
75,9781594634024,10
75,9780141439518,10
75,9780307341556,9
75,9780756404741,0
75,9780143124542,9
75,9780439023528,7
75,9780312924584,10
75,9780345391803,2
75,9780143113492,7
75,9780316015844,10
75,9781250301697,10
75,9780062094354,1
76,9780743273565,8
76,9781400033416,8
76,9780143039433,9
76,9780345391803,0
76,9780062259653,5
76,9781524763138,6
76,9781400079988,6
76,9780142437247,9
76,9780440180296,10
76,9780812548051,0
76,9780060883287,7
76,9780060935467,9
76,9780316769488,0
76,9780679732761,7
76,9780140280098,4
76,9780143035008,8
76,9780142410370,3
76,9780486415871,9
76,9780064404990,4
77,9780060883287,8
77,9780142410318,5
77,9780743273565,0
77,9780060935467,10
77,9780440180296,8
77,9780446605236,2
77,9780143035008,7
77,9780142437247,10
77,9780307472880,0
77,9780143039433,0
77,9781400033416,8
77,9780316769488,8
77,9780547928227,0
77,9780486415871,10
77,9780062094354,7
77,9781250012579,3
77,9780679732761,7
77,9781400079988,9
77,9781503278921,5
78,9780316769488,1
78,9780380729407,8
78,9780553293357,7
78,9780486411095,10
78,9780375826696,7
78,9780062094354,10
78,9780486266847,10
78,9780345337665,9
78,9780486282114,9
78,9781501142970,10
78,9780807014295,2
78,9780307743657,10
78,9780441478125,1
78,9780062259653,8
78,9780307743683,9
78,9781501156751,10
78,9780143039983,8
78,9780141439518,3
79,9780060850524,0
79,9780812550702,0
79,9781594634024,5
79,9780062073488,7
79,9780451524935,10
79,9780807014295,1
79,9780441569595,9
79,9780553418026,8
79,9780553283686,0
79,9780385737951,2
79,9780441478125,8
79,9780345391803,10
79,9780441172719,10
79,9780553380958,7
79,9780307743683,6
79,9780553293357,7
79,9780307887436,8
79,9780375869020,1
80,9780141439518,0
80,9780143039983,0
80,9780062094354,10
80,9780345391803,2
80,9781400033416,6
80,9780380729407,6
80,9780486266847,7
80,9780486411095,9
80,9780307743657,9
80,9780345337665,7
80,9780062024039,7
80,9781501156751,0
80,9780394758282,5
80,9780307743683,10
80,9780399590504,1
80,9780440414803,3
80,9780486282114,10
80,9780062259653,9
80,9781501142970,7
81,9780142410370,3
81,9780345391803,8
81,9780441478125,8
81,9780451524935,9
81,9780553418026,7
81,9780812550702,0
81,9780441172719,0
81,9780307887436,0
81,9780312674397,2
81,9781250301697,4
81,9781594634024,3
81,9780553380958,7
81,9780553293357,8
81,9780062024039,2
81,9780441569595,9
81,9780439023528,1
81,9780553283686,7
81,9780060850524,9
81,9780141439518,0
82,9780525478812,0
82,9780307887436,10
82,9780553418026,9
82,9780060850524,6
82,9780553293357,7
82,9781400079988,0
82,9780307474278,0
82,9780345391803,9
82,9780307454546,7
82,9781400033416,10
82,9780062073488,6
82,9780679732761,10
82,9780143035008,9
82,9780451524935,0
82,9780143039433,7
82,9780441569595,7
82,9780142437247,9
82,9780553380958,10
82,9780743273565,10
82,9780812550702,10
82,9780486415871,7
82,9780553283686,9
82,9780440180296,8
82,9780441478125,10
82,9781250301697,1
82,9780307743657,4
82,9780060883287,8
82,9780441172719,10
82,9780316769488,9
82,9780060935467,7
83,9780544336261,10
83,9780441569595,8
83,9780385737951,7
83,9780062259653,7
83,9780553283686,0
83,9780060850524,10
83,9780142410370,9
83,9780451524935,6
83,9780441172719,7
83,9780307887436,10
83,9780553418026,6
83,9780345391803,8
83,9780553103540,5
83,9780062024039,0
83,9781451696196,10
83,9780553293357,9
83,9780142410318,8
83,9781250012579,0
83,9780439023528,10
83,9780441478125,10
83,9781627792127,0
83,9780440414803,10
83,9780312674397,9
84,9781250012579,2
84,9781250301697,0
84,9780553283686,9
84,9780553293357,0
84,9780735211292,0
84,9780307454546,6
84,9780441569595,8
84,9780143035008,2
84,9780441478125,0
84,9780553418026,0
84,9780553380958,10
84,9780812550702,9
84,9780486282114,0
84,9781503278921,6
84,9780345391803,6
84,9780743273565,0
84,9780307887436,8
84,9780451524935,9
84,9780441172719,10
84,9780060850524,0
85,9780142437247,9
85,9780440180296,8
85,9781451696196,0
85,9780143035008,8
85,9780553283686,2
85,9780735211292,5
85,9780060935467,0
85,9781400079988,10
85,9781400033416,9
85,9780743273565,0
85,9780307743657,1
85,9780440414803,2
85,9780486415871,7
85,9780544336261,4
85,9780156029438,5
85,9780143039433,6
85,9780679732761,7
85,9780062316097,1
85,9780316769488,9
85,9780060883287,6
86,9780064404990,6
86,9780142437209,2
86,9780553103540,9
86,9781250301697,1
86,9781501156751,4
86,9781451696196,10
86,9780062073488,1
86,9781250012579,0
86,9780618640157,0
86,9780786838653,9
86,9780756404741,9
86,9780062024039,7
86,9780679879244,9
86,9780547928227,9
86,9780765311788,10
86,9781627792127,9
86,9780544336261,7
86,9780375869020,9
86,9780142410318,9
86,9780385737951,9
86,9780440180296,2
86,9780375826696,8
86,9780439023528,10
86,9780142410370,6
86,9780765326355,10
86,9780440414803,6
86,9780590353427,7
86,9780312674397,7
86,9780553380163,0
86,9780812548051,9
87,9781501110368,5
87,9780553103540,9
87,9780812548051,8
87,9780062316097,1
87,9780786838653,8
87,9780765326355,7
87,9780765311788,0
87,9780756404741,8
87,9780679879244,9
87,9780618640157,9
87,9780060850524,5
87,9780486266847,1
87,9780547928227,9
87,9780590353427,8
87,9780316017930,2
87,9780807014295,2
87,9780064404990,8
87,9780375826696,10
88,9780765311788,1
88,9780440212560,3
88,9780544336261,0
88,9780385737951,10
88,9780553103540,1
88,9780062024039,7
88,9781250012579,10
88,9780142410318,9
88,9780375869020,0
88,9780062094354,5
88,9780307474278,0
88,9780143039433,1
88,9780312674397,9
88,9780399590504,3
88,9780812550702,0
88,9780142410370,8
88,9781451696196,8
88,9781627792127,8
88,9780440414803,7
88,9780439023528,7
89,9780486411095,7
89,9780062457714,0
89,9780486266847,10
89,9780735211292,8
89,9780375826696,3
89,9780062407801,7
89,9780807014295,7
89,9780062259653,9
89,9780062094354,8
89,9780486282114,10
89,9780062024039,6
89,9780553380163,7
89,9780380729407,10
89,9780062316097,6
89,9780374533557,10
89,9780307743657,10
89,9780553293357,0
89,9780553380958,1
89,9780316017930,10
89,9780307743683,10
89,9780440180296,5
89,9781501142970,7
89,9780143039983,10
89,9780440212560,3
89,9781524763138,10
89,9780399590504,10
89,9780812981605,0
89,9781501156751,7
89,9780307352149,10
89,9780441172719,3
89,9780345337665,9
90,9780143124542,1
90,9780812548051,10
90,9780375826696,9
90,9780547928227,9
90,9780786838653,6
90,9780064404990,9
90,9780679879244,8
90,9780756404741,9
90,9781503278921,6
90,9780312924584,6
90,9780440180296,3
90,9780765311788,9
90,9780765326355,8
90,9780316769488,7
90,9780062457714,5
90,9780553103540,9
90,9780618640157,9
90,9780590353427,10
90,9780812550702,2
90,9780062316097,1
91,9780062094354,1
91,9780375869020,8
91,9781627792127,9
91,9781451696196,7
91,9780312674397,9
91,9780142410370,0
91,9780385737951,10
91,9780440414803,0
91,9780441172719,5
91,9780142410318,8
91,9780786838653,1
91,9780544336261,0
91,9780439023528,9
91,9780062024039,10
91,9781250012579,10
91,9780440212560,1
92,9780141439556,0
92,9780441478125,9
92,9780441569595,10
92,9780307472880,7
92,9780553418026,8
92,9780440212560,9
92,9781503278921,0
92,9780142437209,8
92,9780140280098,9
92,9780812550702,8
92,9780525478812,0
92,9780143124542,9
92,9780345391803,10
92,9780553293357,8
92,9781501110368,0
92,9780316015844,8
92,9780143035008,3
92,9780064404990,0
92,9780141439518,10
92,9780451524935,8
92,9780446605236,9
92,9780156029438,8
92,9780307887436,10
92,9780553283686,0
92,9780553380958,10
92,9780060850524,8
92,9780679732761,0
92,9780441172719,9
92,9780553103540,3
93,9780141439556,9
93,9780440212560,0
93,9780553283686,0
93,9780525478812,0
93,9781501110368,7
93,9780316015844,10
93,9780307472880,0
93,9781524763138,3
93,9780143124542,9
93,9780156029438,0
93,9781501156751,3
93,9780142437209,0
93,9780140280098,0
93,9781594634024,4
93,9780446605236,8
93,9780553293357,6
93,9780141439518,7
93,9780451524935,4
94,9780312674397,6
94,9780142410370,7
94,9780440414803,9
94,9780156029438,4
94,9780812981605,2
94,9780439023528,10
94,9780060935467,2
94,9780375869020,9
94,9780544336261,9
94,9780385737951,7
94,9780142410318,10
94,9781451696196,8
94,9780307743683,0
94,9780062693662,3
94,9781627792127,8
94,9780345391803,3
94,9780143113492,5
94,9780062024039,10
94,9781250012579,7
95,9780062259653,9
95,9781501142970,10
95,9780062094354,10
95,9780307341556,5
95,9781501156751,10
95,9780307743657,9
95,9780345337665,10
95,9780486266847,9
95,9780060935467,1
95,9780486411095,9
95,9780439023528,4
95,9780143039983,9
95,9780679879244,7
95,9780064404990,1
95,9780380729407,6
95,9780807014295,3
95,9781501110368,0
95,9780307743683,7
95,9780486282114,8
96,9780062073488,0
96,9780307454546,7
96,9781503278921,10
96,9780756404741,0
96,9780312924584,10
96,9780143113492,0
96,9780307341556,6
96,9780812981605,0
96,9781594634024,10
96,9781250301697,9
96,9780618640157,0
96,9780735211292,5
96,9780486415871,4
96,9781250012579,3
97,9780756404741,10
97,9780316015844,8
97,9780590353427,0
97,9780679879244,8
97,9780618640157,9
97,9780446605236,7
97,9780547928227,7
97,9781524763138,0
97,9780143124542,7
97,9780375826696,0
97,9780156029438,8
97,9780141439556,10
97,9780441569595,2
97,9780786838653,8
97,9780062259653,3
97,9780307743683,4
97,9780553103540,9
97,9780679732761,1
97,9780553418026,2
97,9780765326355,8
97,9780142437209,8
97,9780812548051,10
97,9780307472880,10
97,9780525478812,10
97,9780141439518,7
97,9780440212560,8
97,9780140280098,6
97,9781501110368,0
97,9780064404990,7
97,9780765311788,0
97,9780316017930,2
98,9780374533557,8
98,9780307352149,10
98,9781451696196,10
98,9781250012579,9
98,9780812981605,10
98,9781501110368,1
98,9781627792127,10
98,9780399590504,10
98,9780062024039,7
98,9780062457714,10
98,9780553380163,0
98,9780385737951,10
98,9780544336261,8
98,9780440414803,10
98,9780143039433,1
98,9780142410318,0
98,9780439023528,0
98,9780316017930,8
98,9780486282114,0
98,9780312674397,8
98,9780062407801,0
98,9781503278921,4
98,9780553380958,2
98,9780735211292,8
98,9781524763138,10
98,9780062316097,10
98,9780807014295,10
98,9780307743657,5
98,9780375869020,0
98,9780142410370,0
99,9780062094354,8
99,9780380729407,8
99,9781250012579,9
99,9780062024039,8
99,9780385737951,6
99,9780375869020,9
99,9780486282114,10
99,9780345337665,9
99,9780142410318,0
99,9780486266847,7
99,9780441569595,5
99,9781627792127,0
99,9780307743657,9
99,9780142410370,9
99,9781501110368,7
99,9780439023528,10
99,9780544336261,8
99,9781501142970,9
99,9780143039983,9
99,9780062259653,9
99,9780553103540,3
100,9781503278921,10
100,9780143113492,0
100,9780062073488,8
100,9780307588364,9
100,9780060850524,1
100,9780140280098,0
100,9781594634024,9
100,9780307341556,7
100,9780062693662,7
100,9780141439556,0
100,9780307454546,10
100,9780060883287,3
100,9780062457714,6
100,9780399590504,6
100,9781250301697,9
100,9780590353427,0
100,9780312924584,6
100,9780394758282,10
100,9780307474278,7
101,9780553418026,10
101,9780060850524,10
101,9780307887436,10
101,9780451524935,8
101,9780399590504,1
101,9780441172719,7
101,9781250301697,3
101,9780441478125,8
101,9780812550702,6
101,9780441569595,6
101,9780553380958,10
101,9780141439518,3
101,9780312674397,2
101,9780380729407,6
101,9780553283686,0
101,9780345391803,8
101,9781501156751,3
101,9780553293357,8
102,9780544336261,9
102,9780156029438,5
102,9781503278921,5
102,9780385737951,8
102,9780142410318,8
102,9781250012579,7
102,9780441569595,2
102,9781627792127,0
102,9780440414803,10
102,9780142410370,10
102,9780312674397,9
102,9780062457714,2
102,9781501142970,2
102,9780140280098,4
102,9780439023528,10
102,9781451696196,9
102,9780307743657,3
102,9780062024039,9
102,9780375869020,8
103,9780486266847,9
103,9780143039983,0
103,9781400079988,5
103,9780141439556,4
103,9780439023528,5
103,9781501156751,7
103,9780441478125,6
103,9780307743657,10
103,9780486282114,8
103,9780307743683,10
103,9780062259653,9
103,9781501142970,9
103,9780062094354,10
103,9780441569595,3
103,9780590353427,0
103,9780380729407,8
103,9780345337665,7
103,9780345391803,7
103,9780486411095,0
104,9780062094354,10
104,9780060935467,4
104,9780307743657,7
104,9780486266847,0
104,9780441478125,10
104,9780140280098,1
104,9780385737951,3
104,9780345337665,10
104,9780486411095,8
104,9780062316097,0
104,9780553418026,7
104,9780062259653,9
104,9780143039983,8
104,9780441172719,9
104,9780812550702,10
104,9780486282114,9
104,9781501156751,7
105,9780312674397,9
105,9780307588364,9
105,9780062073488,10
105,9780062024039,10
105,9780394758282,9
105,9780143113492,10
105,9781594634024,0
105,9780312924584,8
105,9780765311788,4
105,9780142410370,7
105,9780062693662,9
105,9780786838653,4
105,9780307341556,0
105,9781250301697,10
105,9781503278921,10
105,9781627792127,8
105,9780142410318,0
105,9780439023528,10
105,9780307454546,8
105,9781250012579,10
105,9780441172719,1
105,9780544336261,9
105,9780446605236,2
105,9780451524935,1
105,9780385737951,10
105,9780440414803,10
105,9781400033416,7
105,9780307474278,8
105,9781451696196,10
105,9780375869020,10
106,9780307472880,3
106,9780394758282,7
106,9780486415871,10
106,9780143039983,5
106,9780141439518,3
106,9780307454546,0
106,9780143113492,9
106,9780060935467,7
106,9781594634024,9
106,9780307588364,8
106,9780743273565,8
106,9780060883287,9
106,9780142437247,9
106,9780143035008,10
106,9781400033416,8
106,9780307743683,3
106,9780062073488,6
106,9780312924584,8
106,9780735211292,3
106,9780316769488,9
106,9780307341556,10
106,9780062693662,8
107,9780141439518,9
107,9780156029438,8
107,9780440212560,0
107,9780142437209,8
107,9780307472880,9
107,9780451524935,2
107,9780307341556,5
107,9780446605236,10
107,9780316015844,10
107,9780140280098,10
107,9780486282114,0
107,9780060935467,2
107,9780385737951,2
107,9780307887436,2
107,9780143124542,8
107,9781501110368,7
107,9780141439556,9
107,9780525478812,7
108,9781400079988,4
108,9780735211292,6
108,9780142410318,9
108,9781627792127,9
108,9780307743657,3
108,9780439023528,9
108,9781451696196,10
108,9781250301697,0
108,9780312674397,10
108,9780440414803,10
108,9780142410370,8
108,9780553380163,5
108,9780385737951,8
108,9781250012579,8
108,9780544336261,10
108,9780307454546,4
108,9780375869020,7
108,9780062024039,9
108,9780060935467,5
108,9781501110368,1
109,9780440180296,10
109,9780143035008,7
109,9781400033416,7
109,9780060883287,9
109,9781503278921,5
109,9781501110368,6
109,9780316769488,8
109,9780060935467,8
109,9780374533557,0
109,9780062693662,1
109,9780590353427,3
109,9780486411095,3
109,9780142437247,8
109,9781400079988,10
109,9780743273565,10
109,9780143039433,7
109,9780679732761,0
109,9780486415871,7
110,9780316017930,0
110,9780062407801,7
110,9781501110368,3
110,9780553380163,0
110,9780307352149,9
110,9780553418026,3
110,9780807014295,8
110,9780399590504,10
110,9780812981605,10
110,9780440414803,2
110,9780374533557,0
110,9780062316097,9
110,9780143124542,7
110,9780062457714,0
110,9780743273565,3
110,9780735211292,7
110,9780307454546,2
110,9781524763138,0
111,9780786838653,9
111,9780590353427,7
111,9780812548051,10
111,9780547928227,10
111,9780765311788,10
111,9780143039983,0
111,9780064404990,9
111,9780679879244,9
111,9780756404741,8
111,9780060935467,5
111,9780141439518,6
111,9780140280098,0
111,9780553103540,10
111,9780142437247,0
111,9780618640157,9
111,9780553380958,1
111,9780399590504,0
111,9780765326355,7
111,9780375826696,7
112,9780140280098,7
112,9780307474278,0
112,9780312674397,6
112,9781501110368,0
112,9780156029438,7
112,9780142437209,8
112,9780440212560,10
112,9780525478812,9
112,9780590353427,5
112,9780439023528,0
112,9780141439556,9
112,9780143124542,10
112,9780345391803,0
112,9780316015844,8
112,9780812981605,0
112,9780316017930,1
112,9780141439518,0
112,9780446605236,0
112,9780307472880,7
113,9780345391803,8
113,9780735211292,3
113,9780307887436,0
113,9780441569595,7
113,9780441478125,10
113,9780553293357,0
113,9780553380958,7
113,9780062024039,3
113,9780060850524,10
113,9780679732761,7
113,9780451524935,10
113,9780142410318,3
113,9780062259653,0
113,9780062407801,5
113,9780553283686,10
113,9780812550702,10
113,9780375826696,3
113,9780553418026,0
113,9780441172719,9
114,9780553283686,10
114,9780441569595,10
114,9780385737951,1
114,9781501142970,1
114,9780345391803,7
114,9780312674397,7
114,9780553418026,8
114,9781400079988,3
114,9780062693662,2
114,9780307887436,8
114,9780553380958,7
114,9780062073488,4
114,9780441478125,10
114,9780451524935,7
114,9780441172719,8
114,9780060850524,9
114,9780316769488,5
114,9780812550702,8
114,9780553293357,10
115,9780316769488,9
115,9780380729407,2
115,9780060935467,8
115,9780743273565,9
115,9780765326355,5
115,9780143039433,7
115,9780143035008,0
115,9780060883287,8
115,9780142437247,9
115,9780440180296,7
115,9781400079988,10
115,9780062316097,5
115,9781250012579,3
115,9780679732761,8
115,9780486415871,9
115,9780307341556,7
115,9781501156751,1
115,9781594634024,2
115,9781400033416,10
115,9781250301697,2
116,9780756404741,2
116,9780439023528,6
116,9780375869020,10
116,9780440414803,10
116,9781503278921,5
116,9780312674397,8
116,9780142410318,8
116,9781451696196,10
116,9780142410370,8
116,9780307743683,5
116,9780765326355,2
116,9780385737951,7
116,9780544336261,9
116,9780441569595,3
116,9780307474278,2
116,9781627792127,10
117,9780525478812,8
117,9780141439518,8
117,9780553380163,10
117,9780156029438,0
117,9780440212560,10
117,9781501110368,10
117,9780142437209,10
117,9780307474278,0
117,9780316015844,10
117,9780307352149,9
117,9780060883287,3
117,9780143124542,7
117,9780062316097,9
117,9780062407801,9
117,9780374533557,8
117,9781501142970,5
117,9780062457714,10
117,9781501156751,2
117,9780812981605,8
117,9781400079988,1
117,9780807014295,8
117,9780307472880,10
117,9780140280098,9
117,9780735211292,0
117,9780399590504,10
117,9781524763138,9
117,9780446605236,0
117,9780141439556,8
117,9780316017930,10
117,9780765311788,5
118,9780307474278,4
118,9781250012579,3
118,9780062259653,10
118,9780486266847,8
118,9780486282114,9
118,9780486411095,8
118,9780345337665,10
118,9780142410318,1
118,9780307743657,10
118,9780547928227,1
118,9780765326355,4
118,9780553283686,1
118,9780062073488,4
118,9780380729407,10
118,9780307743683,8
118,9780345391803,5
118,9781501156751,7
118,9780062094354,9
118,9781501142970,0
118,9780143039983,0
119,9780812981605,7
119,9780307352149,10
119,9780399590504,0
119,9780553380163,10
119,9780062457714,0
119,9780062316097,0
119,9780140280098,1
119,9780062407801,8
119,9780807014295,9
119,9780316017930,7
119,9781524763138,9
119,9780385737951,3
119,9780553380958,1
119,9780345337665,1
119,9780440212560,1
119,9780060935467,5
119,9780735211292,9
119,9780142410318,3
119,9780374533557,10
119,9780525478812,5
120,9780553380958,9
120,9780385737951,6
120,9780441478125,10
120,9780064404990,10
120,9780345391803,7
120,9780765326355,9
120,9780441569595,9
120,9780486282114,3
120,9780307743683,3
120,9780679879244,8
120,9780756404741,7
120,9780618640157,9
120,9780786838653,7
120,9780812548051,0
120,9780394758282,0
120,9780451524935,9
120,9780553103540,10
120,9780590353427,10
120,9780060850524,9
120,9780765311788,0
120,9780375826696,8
120,9780553283686,10
121,9780141439556,1
121,9780375869020,10
121,9780385737951,10
121,9780307352149,7
121,9781451696196,8
121,9780143124542,3
121,9780553380163,9
121,9781524763138,8
121,9780062457714,10
121,9780807014295,10
121,9780812981605,10
121,9780440414803,10
121,9780756404741,1
121,9780590353427,2
121,9780553293357,1
121,9780786838653,2
121,9781250012579,0
121,9780142410318,6
121,9780544336261,7
121,9780399590504,7
121,9780062407801,0
121,9780735211292,10
121,9780547928227,0
121,9780374533557,7
121,9780062316097,10
121,9780062024039,10
121,9780142410370,8
121,9780312674397,8
121,9780439023528,8
121,9781627792127,8
121,9780316017930,0
121,9780141439518,2
122,9780451524935,10
122,9780394758282,2
122,9780553283686,9
122,9780060935467,1
122,9780553293357,6
122,9780143039983,1
122,9780486282114,3
122,9780140280098,1
122,9780735211292,3
122,9780812550702,7
122,9780553418026,6
122,9780307887436,9
122,9780441478125,9
122,9780345391803,10
122,9780441172719,7
122,9781503278921,0
122,9780553380958,8
122,9780441569595,10
122,9780060883287,1
122,9780060850524,9
123,9780140280098,10
123,9780440414803,1
123,9780374533557,1
123,9780143124542,10
123,9780142437247,2
123,9780156029438,10
123,9780142437209,10
123,9780440212560,9
123,9780060935467,3
123,9780316015844,8
123,9780446605236,8
123,9780142410318,2
123,9780062316097,1
123,9781501110368,10
123,9780141439556,9
123,9780141439518,9
123,9780307472880,9
123,9780525478812,8
123,9780756404741,0
124,9780141439518,10
124,9780440212560,8
124,9780142437209,10
124,9780440414803,3
124,9780375826696,5
124,9781501110368,9
124,9780307352149,0
124,9780446605236,0
124,9780143124542,0
124,9780525478812,0
124,9780307472880,10
124,9780156029438,7
124,9780062073488,2
124,9780141439556,10
124,9780316015844,6
124,9780142437247,2
124,9780140280098,9
124,9780547928227,1
125,9781400079988,7
125,9780307352149,7
125,9780060850524,0
125,9781451696196,2
125,9780307887436,0
125,9780441478125,10
125,9780553380958,10
125,9780735211292,10
125,9780375869020,1
125,9780316017930,10
125,9780399590504,0
125,9780807014295,9
125,9780451524935,10
125,9780812550702,8
125,9781524763138,10
125,9781594634024,6
125,9780553418026,0
125,9780553293357,8
125,9780062407801,9
125,9780553283686,0
125,9780062316097,10
125,9780374533557,7
125,9780553380163,7
125,9780590353427,4
125,9780062073488,1
125,9780441569595,10
125,9780441172719,6
125,9780345391803,10
125,9780812981605,10
125,9780316769488,5
125,9780062457714,8
126,9780142410370,1
126,9780486266847,0
126,9780812550702,7
126,9780446605236,7
126,9780142437209,0
126,9781250012579,1
126,9780440212560,8
126,9780441569595,0
126,9780307472880,0
126,9780525478812,9
126,9780156029438,7
126,9780553293357,9
126,9780143124542,8
126,9780399590504,5
126,9780316015844,0
126,9780345391803,6
126,9780441478125,7
126,9780140280098,0
126,9780553418026,10
126,9780307887436,10
126,9780141439556,0
126,9780062259653,2
126,9780553380958,7
126,9781501110368,9
126,9780060850524,9
126,9780451524935,9
126,9780143035008,5
126,9780553283686,9
126,9781250301697,2
126,9780441172719,6
126,9780141439518,0
127,9780553418026,6
127,9780451524935,9
127,9780553380958,10
127,9780553293357,10
127,9780143113492,6
127,9780812550702,7
127,9780441569595,9
127,9780399590504,0
127,9780060850524,0
127,9780553283686,10
127,9780553103540,2
127,9780062457714,0
127,9780062073488,4
127,9780441478125,9
127,9780440180296,1
127,9780345391803,7
127,9780307887436,6
127,9781524763138,2
127,9780375826696,3
127,9780441172719,9
128,9780307887436,0
128,9780553380958,8
128,9780441478125,10
128,9780553283686,10
128,9780756404741,10
128,9780765311788,8
128,9780765326355,10
128,9780441569595,10
128,9780143039433,5
128,9780375826696,10
128,9780441172719,9
128,9780553293357,8
128,9780786838653,10
128,9780812548051,10
128,9780618640157,7
128,9780345391803,9
128,9780440180296,6
128,9780553418026,10
128,9780486282114,0
128,9780812550702,7
128,9780547928227,10
128,9780553103540,10
128,9780679879244,8
128,9780142410370,0
128,9780590353427,9
128,9780060850524,10
128,9780451524935,9
128,9780064404990,10
128,9781400079988,5
128,9781524763138,6
129,9780553380163,10
129,9780316017930,0
129,9781451696196,2
129,9780441172719,3
129,9780374533557,7
129,9780807014295,7
129,9780553103540,3
129,9780399590504,8
129,9780062316097,9
129,9780553293357,4
129,9781524763138,8
129,9780486411095,1
129,9780062407801,9
129,9780735211292,10
129,9780062457714,0
129,9780062259653,1
129,9780812981605,0
129,9780307352149,0
129,9780307887436,3
130,9780143039433,9
130,9780062094354,0
130,9780399590504,2
130,9780316769488,0
130,9780679879244,2
130,9781400033416,10
130,9780440212560,2
130,9780142437247,10
130,9780060883287,0
130,9780060935467,9
130,9781501156751,4
130,9780743273565,6
130,9780440180296,8
130,9780143035008,6
130,9780679732761,9
130,9780765311788,6
130,9781400079988,8
130,9780553418026,6
130,9780486415871,8
131,9780786838653,6
131,9780312674397,0
131,9780307352149,5
131,9781627792127,10
131,9780441478125,2
131,9781250012579,9
131,9780590353427,9
131,9780062024039,8
131,9780679879244,10
131,9780439023528,9
131,9780553103540,10
131,9780765326355,10
131,9780765311788,10
131,9781400079988,2
131,9780375869020,7
131,9780440414803,0
131,9780140280098,1
131,9780812548051,10
131,9780618640157,0
131,9780375826696,6
131,9781451696196,10
131,9780064404990,8
131,9780156029438,6
131,9780142410370,8
131,9780062693662,5
131,9780812981605,1
131,9780544336261,9
131,9780316015844,0
131,9780142410318,0
131,9780756404741,10
131,9780547928227,9
131,9780385737951,10
132,9781524763138,9
132,9780345337665,3
132,9780743273565,9
132,9780316769488,9
132,9780812550702,0
132,9780060883287,8
132,9780064404990,3
132,9780307352149,8
132,9780374533557,10
132,9780143039433,9
132,9780062457714,8
132,9780062316097,9
132,9780735211292,8
132,9780553380163,9
132,9780618640157,5
132,9780062407801,6
132,9780440180296,10
132,9780142437247,9
132,9780812981605,10
132,9780807014295,10
132,9780399590504,0
132,9780316017930,8
132,9781594634024,1
132,9780486415871,7
132,9781400079988,6
132,9780679732761,0
132,9780553103540,0
132,9780553418026,4
132,9781400033416,8
132,9780060935467,8
132,9780143035008,0
133,9780618640157,1
133,9780307472880,6
133,9780143124542,0
133,9780307743683,0
133,9780156029438,10
133,9780380729407,0
133,9780316015844,10
133,9780143035008,2
133,9780062407801,4
133,9780525478812,8
133,9781501110368,9
133,9780141439556,9
133,9780142410318,1
133,9780140280098,6
133,9780440212560,6
133,9780446605236,10
133,9780141439518,9
133,9780307743657,0
133,9780142437209,9
134,9780679879244,0
134,9780062316097,0
134,9780060935467,5
134,9780316017930,9
134,9780399590504,9
134,9781503278921,2
134,9780062407801,9
134,9780062457714,0
134,9780307352149,10
134,9780345337665,6
134,9780553380163,7
134,9780786838653,2
134,9780374533557,0
134,9780156029438,5
134,9780142410370,3
134,9780807014295,0
134,9780812981605,10
134,9780735211292,10
134,9781524763138,0
134,9780385737951,2
135,9780060850524,10
135,9780441569595,0
135,9780060883287,0
135,9780553418026,9
135,9780143039983,3
135,9780553283686,10
135,9780316769488,0
135,9780307588364,0
135,9780553293357,0
135,9780345391803,7
135,9780307474278,3
135,9780307887436,9
135,9780143113492,4
135,9780553380958,7
135,9780812550702,0
135,9780441478125,8
135,9780441172719,8
135,9780451524935,9
136,9780812981605,10
136,9780316017930,0
136,9781250012579,5
136,9780062407801,0
136,9780307588364,3
136,9780525478812,1
136,9780141439518,4
136,9780307887436,4
136,9780060883287,5
136,9780399590504,10
136,9781524763138,0
136,9780062316097,8
136,9780679732761,4
136,9780807014295,9
136,9780307352149,8
137,9780062094354,5
137,9780756404741,2
137,9780143035008,8
137,9780440212560,7
137,9780060883287,8
137,9780143039433,10
137,9780312674397,6
137,9780679732761,9
137,9780316015844,3
137,9780316769488,0
137,9780060935467,8
137,9781400033416,9
137,9781400079988,8
137,9780142437247,8
137,9780486415871,8
137,9780735211292,6
137,9780440180296,8
137,9780307341556,5
137,9780743273565,9
138,9780062407801,7
138,9780345391803,8
138,9780553380163,10
138,9780307341556,1
138,9780553293357,10
138,9780812981605,9
138,9780307352149,9
138,9780060850524,9
138,9780553380958,6
138,9780525478812,7
138,9780062316097,9
138,9780812550702,7
138,9780807014295,8
138,9780441478125,6
138,9780553283686,8
138,9781627792127,2
138,9780316017930,10
138,9780374533557,8
138,9780062457714,9
138,9780735211292,0
138,9780451524935,9
138,9780399590504,9
138,9780307743657,4
138,9780441172719,8
138,9780062259653,5
138,9780307887436,9
138,9781524763138,8
138,9780441569595,10
138,9780812548051,4
139,9780765326355,0
139,9780142410318,0
139,9780316769488,3
139,9780142410370,2
139,9780553293357,2
139,9780756404741,8
139,9780679879244,9
139,9781451696196,3
139,9780064404990,9
139,9780765311788,10
139,9780547928227,8
139,9780786838653,9
139,9780553103540,8
139,9780618640157,8
139,9781250012579,3
139,9780812548051,8
139,9780307341556,4
139,9780590353427,6
139,9780375826696,8
140,9780553418026,7
140,9780374533557,9
140,9780441478125,9
140,9780441172719,7
140,9780553293357,0
140,9780451524935,10
140,9780140280098,3
140,9780062316097,7
140,9780375826696,4
140,9780735211292,10
140,9780062457714,10
140,9780316017930,8
140,9780553380958,9
140,9780812550702,6
140,9780553283686,9
140,9780142410318,0
140,9780307352149,8
140,9780765311788,3
140,9780399590504,9
140,9780553380163,7
140,9780812981605,7
140,9780060850524,8
140,9780345391803,8
140,9780062407801,9
140,9780307887436,8
140,9780143113492,3
140,9780441569595,8
140,9780807014295,8
140,9781524763138,9
141,9780441172719,9
141,9780451524935,9
141,9780141439556,2
141,9780441569595,8
141,9780553418026,9
141,9780307472880,2
141,9780553283686,8
141,9780307887436,6
141,9780312924584,4
141,9780553380958,0
141,9780345391803,10
141,9781400079988,4
141,9780812550702,8
141,9780060883287,0
141,9780441478125,9
141,9780553293357,9
141,9780312674397,6
141,9780060850524,9
141,9780812981605,0
141,9780143113492,6
142,9780451524935,0
142,9780812550702,9
142,9780553293357,0
142,9780345391803,10
142,9780062407801,4
142,9780553418026,6
142,9780062693662,1
142,9780553283686,9
142,9780441172719,6
142,9780060850524,10
142,9780553380958,7
142,9780441478125,10
142,9780441569595,9
142,9780140280098,4
142,9780547928227,1
142,9780307887436,7
142,9780142437247,2
142,9780440180296,0
143,9780060850524,7
143,9780486411095,10
143,9781501156751,9
143,9780486282114,10
143,9780062259653,9
143,9780316017930,4
143,9780525478812,3
143,9781400033416,5
143,9780062094354,8
143,9780345337665,9
143,9781501142970,10
143,9780143039983,10
143,9780307743657,6
143,9780307743683,10
143,9780486266847,10
143,9780143035008,5
143,9780679732761,7
143,9780380729407,7
143,9781594634024,0
144,9780345337665,7
144,9780451524935,8
144,9780553283686,7
144,9780060850524,0
144,9780441478125,6
144,9780143039983,9
144,9780307743683,0
144,9781400033416,5
144,9780553380958,10
144,9780441172719,0
144,9781501142970,7
144,9780486282114,8
144,9780765311788,5
144,9780441569595,9
144,9780380729407,0
144,9780440212560,2
144,9780553418026,0
144,9780062259653,10
144,9780307743657,10
144,9781501156751,7
144,9780316017930,7
144,9780812550702,0
144,9780345391803,9
144,9780553293357,10
144,9780486411095,6
144,9780307887436,8
144,9780062094354,10
144,9780486266847,0
145,9780812548051,10
145,9780812550702,4
145,9780446605236,7
145,9780553103540,10
145,9780156029438,9
145,9780756404741,8
145,9780486266847,1
145,9781501110368,7
145,9780440212560,0
145,9780525478812,0
145,9780141439556,8
145,9780765326355,9
145,9781400079988,2
145,9780375826696,8
145,9781501156751,0
145,9780679879244,10
145,9780618640157,8
145,9780307472880,9
145,9780786838653,6
145,9780547928227,10
145,9780140280098,9
145,9780141439518,7
145,9780316015844,8
145,9780143124542,10
145,9780064404990,10
145,9780590353427,10
145,9780765311788,10
145,9781503278921,2
145,9780142437209,0
146,9780441478125,7
146,9781627792127,0
146,9780553293357,3
146,9780486411095,6
146,9780375869020,10
146,9780807014295,2
146,9780385737951,10
146,9780439023528,10
146,9780142410318,9
146,9780062024039,6
146,9780307743657,2
146,9780142410370,8
146,9780312674397,0
146,9781250012579,0
146,9780307352149,0
146,9780544336261,9
146,9781451696196,10
146,9780064404990,0
146,9780440414803,10
147,9781501156751,8
147,9780451524935,8
147,9780441478125,10
147,9780547928227,1
147,9780553283686,7
147,9780486282114,10
147,9780486266847,0
147,9780380729407,10
147,9780553380958,7
147,9780060850524,8
147,9781627792127,5
147,9780486411095,9
147,9780345391803,9
147,9780553418026,8
147,9781501142970,0
147,9780064404990,5
147,9780143039983,8
147,9780307588364,0
147,9780590353427,5
147,9780441172719,7
147,9780062094354,0
147,9780441569595,0
147,9780812550702,10
147,9780307743657,9
147,9780345337665,9
147,9780307743683,0
147,9780553293357,10
147,9780062259653,10
147,9780307887436,9
148,9780345337665,10
148,9780735211292,5
148,9780380729407,0
148,9780312674397,3
148,9780062259653,7
148,9780486266847,0
148,9780307743657,10
148,9780553380163,2
148,9780143039983,6
148,9780486282114,8
148,9780062073488,5
148,9780553418026,5
148,9780307743683,0
148,9780062094354,10
148,9781501156751,0
148,9780553380958,2
148,9781501142970,8
148,9780486411095,7
149,9780439023528,7
149,9780062024039,0
149,9780312674397,10
149,9780440414803,10
149,9780544336261,0
149,9780062316097,7
149,9780451524935,3
149,9781627792127,9
149,9780440212560,0
149,9780385737951,10
149,9781451696196,10
149,9780553293357,0
149,9780141439518,5
149,9780374533557,0
149,9780553283686,0
149,9780765311788,1
149,9780142410370,6
149,9780375869020,9
149,9781250012579,0
149,9780142410318,10
150,9780441172719,9
150,9780307472880,8
150,9780345391803,10
150,9780316015844,0
150,9780440212560,9
150,9780441569595,10
150,9780060850524,7
150,9780142437247,1
150,9780140280098,9
150,9780156029438,0
150,9780553283686,7
150,9780141439556,0
150,9780553418026,10
150,9780394758282,4
150,9780307887436,0
150,9781400033416,7
150,9780553380958,9
150,9780142437209,10
150,9780441478125,0
150,9780143124542,0
150,9780141439518,7
150,9781501110368,10
150,9780812550702,8
150,9780553293357,9
150,9780446605236,9
150,9781501142970,4
150,9780451524935,8
150,9780525478812,10
151,9780142437209,8
151,9780141439556,10
151,9780439023528,7
151,9780486415871,3
151,9780140280098,7
151,9780307472880,9
151,9780141439518,10
151,9780156029438,9
151,9780446605236,0
151,9780316015844,8
151,9780440180296,1
151,9780440212560,9
151,9780547928227,3
151,9780525478812,0
151,9780142410370,1
151,9780345391803,2
151,9780143124542,10
151,9781501110368,10
152,9780062024039,7
152,9780345391803,0
152,9780143113492,0
152,9781503278921,7
152,9780441478125,6
152,9780307588364,9
152,9780307474278,7
152,9780394758282,9
152,9780553293357,8
152,9780312924584,8
152,9780441172719,0
152,9780062073488,0
152,9780307887436,7
152,9780374533557,3
152,9781501110368,2
152,9780553418026,8
152,9781250301697,0
152,9780307454546,10
152,9780060850524,9
152,9780307341556,6
152,9780553380958,9
152,9781594634024,10
152,9780439023528,0
152,9780812550702,10
152,9780553283686,9
152,9780441569595,7
152,9780451524935,10
152,9780062693662,9
153,9780553293357,1
153,9780439023528,10
153,9781627792127,10
153,9780375869020,10
153,9780440414803,10
153,9780375826696,1
153,9780544336261,7
153,9781250012579,0
153,9780385737951,10
153,9780316769488,1
153,9780143039433,1
153,9780786838653,3
153,9781451696196,7
153,9781501142970,4
153,9780062024039,9
153,9780142410318,9
153,9780312674397,9
153,9780553380958,3
153,9780142410370,9
154,9780590353427,8
154,9780735211292,0
154,9780765326355,9
154,9780062407801,0
154,9780553103540,7
154,9780064404990,7
154,9781400033416,3
154,9780374533557,6
154,9780141439556,5
154,9780786838653,0
154,9780553380163,10
154,9780812548051,0
154,9780618640157,0
154,9780679879244,9
154,9780062316097,7
154,9780399590504,9
154,9780807014295,10
154,9780375826696,6
154,9780765311788,0
154,9780062457714,0
154,9780307474278,1
154,9781524763138,6
154,9780812981605,10
154,9780316017930,9
154,9780486415871,0
154,9780307352149,10
154,9780756404741,0
154,9780547928227,9
154,9780307341556,5
154,9780060850524,4
155,9780143039433,9
155,9780307887436,9
155,9780060850524,0
155,9780451524935,0
155,9780486415871,10
155,9780345337665,4
155,9780441569595,0
155,9780440180296,8
155,9780143035008,0
155,9780441172719,7
155,9780062457714,5
155,9780743273565,10
155,9780812550702,6
155,9780060935467,7
155,9781400079988,10
155,9780060883287,6
155,9780143124542,3
155,9780142437247,9
155,9780316769488,9
155,9780679732761,10
155,9781400033416,10
155,9780756404741,5
155,9780553418026,7
156,9780486282114,0
156,9780486411095,9
156,9780375869020,1
156,9780486266847,10
156,9780618640157,3
156,9780345337665,8
156,9780143039983,10
156,9780307887436,4
156,9780547928227,2
156,9781501156751,10
156,9780380729407,0
156,9781250012579,5
156,9781501142970,10
156,9780307743683,8
156,9780062259653,10
156,9781451696196,1
156,9780062094354,8
156,9780156029438,2
157,9780394758282,5
157,9780553380163,0
157,9780441172719,1
157,9780735211292,6
157,9780399590504,8
157,9780374533557,8
157,9780553103540,2
157,9780062259653,2
157,9780060935467,4
157,9781524763138,8
157,9780307352149,0
157,9780062457714,0
157,9780807014295,0
157,9780316017930,9
157,9780062407801,10
157,9780812548051,4
157,9780062316097,9
157,9780812981605,7
158,9780062693662,10
158,9780440212560,1
158,9781594634024,8
158,9780525478812,3
158,9780345337665,10
158,9780446605236,7
158,9780062094354,10
158,9780143039983,10
158,9780143113492,9
158,9780486282114,10
158,9780394758282,0
158,9780062259653,10
158,9780441569595,4
158,9781501142970,7
158,9780486266847,8
158,9781501110368,2
158,9781503278921,0
158,9780756404741,0
158,9780307454546,7
158,9780307743683,7
158,9780486411095,9
158,9781250301697,0
158,9780312924584,8
158,9780307474278,7
158,9780307588364,6
158,9780307743657,10
158,9780380729407,0
159,9780765311788,1
159,9780440212560,1
159,9780380729407,9
159,9780374533557,5
159,9781501142970,0
159,9780486411095,8
159,9780062094354,8
159,9781501156751,9
159,9780062259653,9
159,9780486282114,10
159,9780307454546,3
159,9780062024039,4
159,9780345337665,10
159,9780307743683,10
159,9780143039983,0
159,9780307743657,9
159,9780486266847,10
160,9780735211292,9
160,9781501142970,10
160,9781524763138,9
160,9780062407801,10
160,9780316017930,8
160,9780486411095,8
160,9780062457714,9
160,9780345337665,10
160,9780380729407,10
160,9780399590504,10
160,9780143035008,3
160,9780307743657,8
160,9780141439518,2
160,9780062259653,7
160,9780374533557,0
160,9780307743683,8
160,9781501156751,10
160,9780553380163,7
160,9780143039983,7
160,9780062094354,10
160,9780807014295,7
160,9780812981605,9
160,9780062316097,10
160,9780486266847,10
160,9780307352149,9
161,9781501142970,10
161,9780553380163,7
161,9780486266847,7
161,9780380729407,9
161,9780316017930,9
161,9780062094354,8
161,9780345337665,10
161,9780812981605,0
161,9780307743683,10
161,9780307743657,10
161,9781451696196,2
161,9780062457714,7
161,9780312674397,5
161,9780765326355,1
161,9780807014295,10
161,9780374533557,8
161,9780141439556,5
161,9780062259653,7
161,9780756404741,1
161,9780143039983,9
161,9780307352149,10
161,9780062407801,10
161,9781524763138,0
161,9780062316097,8
161,9780786838653,1
161,9780486282114,9
161,9780307474278,5
161,9780399590504,0
161,9780735211292,8
161,9780486411095,0
161,9781501156751,7
162,9780679732761,0
162,9781501110368,5
162,9780143039433,9
162,9780060883287,8
162,9780060935467,0
162,9780316769488,10
162,9780440212560,5
162,9780441569595,8
162,9780441172719,9
162,9780553293357,0
162,9780553283686,8
162,9780062316097,7
162,9780307887436,8
162,9780440180296,7
162,9780553418026,10
162,9780743273565,0
162,9780547928227,1
162,9780143035008,0
162,9780812550702,10
162,9780812981605,1
162,9780345391803,6
162,9780451524935,0
162,9780486415871,8
162,9781400079988,10
162,9780553380958,0
162,9780060850524,9
162,9780441478125,7
162,9781400033416,7
162,9780142437247,8
162,9780765326355,1
162,9780141439556,5
163,9780307887436,9
163,9780812550702,10
163,9780441172719,10
163,9780553283686,0
163,9780618640157,3
163,9780441478125,7
163,9780553380958,10
163,9780441569595,10
163,9780307454546,2
163,9780345391803,10
163,9780316015844,3
163,9780440180296,5
163,9780553293357,10
163,9780316769488,1
163,9780060850524,10
163,9780807014295,1
163,9780553418026,9
163,9780451524935,9
163,9780547928227,7
164,9780439023528,10
164,9780385737951,10
164,9780735211292,0
164,9780807014295,7
164,9780553418026,10
164,9780060850524,9
164,9780142410370,8
164,9780544336261,9
164,9780812550702,10
164,9780440414803,7
164,9780553380958,10
164,9780142410318,10
164,9780307743683,2
164,9780312674397,9
164,9780553293357,10
164,9780062094354,7
164,9780441569595,8
164,9780345391803,10
164,9780441172719,9
164,9780451524935,0
164,9781524763138,0
164,9780553283686,9
164,9781627792127,10
164,9780307887436,6
164,9780441478125,7
164,9780062024039,8
164,9781250012579,9
164,9780375869020,9
164,9781451696196,7
165,9780345337665,1
165,9780062316097,4
165,9780553418026,2
165,9781250301697,6
165,9780375826696,10
165,9780590353427,8
165,9780679879244,8
165,9780756404741,6
165,9780307341556,1
165,9780062024039,1
165,9780765326355,10
165,9780486415871,1
165,9780812548051,9
165,9780547928227,7
165,9780553103540,9
165,9780618640157,8
165,9780064404990,10
165,9780786838653,10
165,9780765311788,10
166,9781594634024,10
166,9780143113492,9
166,9780307474278,8
166,9781501142970,3
166,9780486282114,2
166,9780142437209,2
166,9780441569595,5
166,9780307588364,8
166,9780142410318,1
166,9780312924584,9
166,9781250301697,10
166,9780062259653,1
166,9780394758282,10
166,9780062073488,7
166,9780440414803,5
166,9780307454546,8
166,9781501156751,1
166,9780307341556,8
166,9780062693662,0
166,9781503278921,7
167,9780062073488,1
167,9780553293357,8
167,9780553103540,3
167,9780441569595,9
167,9781250012579,10
167,9780142410318,10
167,9780486282114,3
167,9780441172719,10
167,9780451524935,9
167,9780312674397,9
167,9781451696196,10
167,9780439023528,0
167,9780553283686,9
167,9781627792127,10
167,9780142410370,9
167,9780765311788,3
167,9780062024039,10
167,9780553418026,10
167,9780316017930,3
167,9780812550702,9
167,9780307887436,0
167,9780440414803,0
167,9780544336261,10
167,9780064404990,0
167,9780375869020,6
167,9780060850524,0
167,9780345391803,8
167,9780385737951,9
167,9780141439556,1
167,9780441478125,9
167,9780553380958,10
167,9780307352149,0
168,9781501110368,4
168,9780375869020,10
168,9780553418026,1
168,9780440414803,0
168,9781250012579,9
168,9780142410370,7
168,9780544336261,8
168,9781501156751,3
168,9781627792127,7
168,9780385737951,10
168,9780062024039,7
168,9780735211292,0
168,9780312674397,7
168,9780143124542,1
168,9780142410318,7
168,9780439023528,6
168,9781451696196,0
168,9781503278921,2
169,9780345391803,3
169,9780544336261,0
169,9780062407801,0
169,9781594634024,0
169,9780143035008,5
169,9780786838653,2
169,9780590353427,2
169,9781501142970,0
169,9780307474278,0
169,9780307341556,10
169,9780143113492,9
169,9781250301697,9
169,9780062693662,9
169,9780062073488,8
169,9780312924584,9
169,9780307588364,10
169,9780307454546,0
169,9781503278921,7
169,9780394758282,10
170,9780441569595,10
170,9781627792127,8
170,9780812550702,10
170,9780553283686,9
170,9780440414803,7
170,9780316769488,5
170,9780307743657,3
170,9780553103540,1
170,9780060850524,0
170,9780553380958,0
170,9781501110368,6
170,9780553293357,9
170,9780375869020,7
170,9781501142970,6
170,9780345391803,9
170,9780312674397,10
170,9780307887436,7
170,9780440212560,5
170,9781451696196,0
170,9780142410370,8
170,9780441172719,10
170,9780142410318,7
170,9780544336261,8
170,9781250012579,9
170,9780062024039,10
170,9780441478125,9
171,9780385737951,8
171,9780812550702,7
171,9780312924584,3
171,9780440414803,7
171,9780142410318,9
171,9780312674397,10
171,9781627792127,10
171,9780375869020,7
171,9780439023528,8
171,9780553293357,3
171,9781250012579,0
171,9780142410370,10
171,9780544336261,10
171,9781451696196,0
171,9780062024039,9
171,9780062407801,1
171,9780307474278,4
171,9781250301697,1
172,9780399590504,9
172,9780525478812,1
172,9780307341556,9
172,9781451696196,3
172,9781250301697,9
172,9780312924584,10
172,9780062316097,7
172,9780307743657,2
172,9780440212560,0
172,9781503278921,10
172,9780143113492,9
172,9780765326355,0
172,9780807014295,6
172,9780307352149,10
172,9781524763138,8
172,9780062073488,0
172,9780307474278,9
172,9780316017930,8
172,9780385737951,4
172,9780062457714,6
172,9780307588364,9
172,9780812981605,8
172,9780735211292,9
172,9781594634024,0
172,9780062693662,9
173,9780142437247,9
173,9780486415871,7
173,9781400033416,9
173,9780060850524,0
173,9780316769488,6
173,9781400079988,10
173,9781451696196,5
173,9780060883287,0
173,9780743273565,7
173,9780679732761,9
173,9780765326355,2
173,9780143039983,5
173,9780062259653,4
173,9780060935467,8
173,9780807014295,2
174,9780374533557,2
174,9780553103540,7
174,9781451696196,5
174,9780756404741,9
174,9780679879244,0
174,9780618640157,0
174,9780765326355,10
174,9780765311788,7
174,9780812548051,10
174,9781400033416,0
174,9780553283686,3
174,9780375826696,9
174,9780441569595,4
174,9780547928227,7
174,9781524763138,0
174,9780307341556,7
174,9780590353427,9
174,9780786838653,6
174,9780064404990,8
175,9780307474278,7
175,9780394758282,10
175,9780307743683,10
175,9781501156751,9
175,9780143039983,0
175,9781503278921,6
175,9780486266847,7
175,9780143113492,6
175,9780547928227,0
175,9780486282114,9
175,9780312924584,0
175,9780307588364,9
175,9780307454546,0
175,9780399590504,0
175,9780380729407,0
175,9780062693662,9
175,9780345337665,10
175,9781250301697,0
175,9780765311788,2
175,9780307341556,10
175,9780062094354,10
175,9781594634024,10
175,9780062073488,10
175,9781501142970,8
175,9780486411095,10
175,9780307743657,7
175,9780307887436,4
175,9780441478125,0
175,9780062259653,9
176,9780486282114,10
176,9780062259653,9
176,9781501156751,0
176,9780756404741,6
176,9780307743683,9
176,9781250012579,9
176,9781501142970,0
176,9780553418026,3
176,9780345337665,9
176,9780486266847,7
176,9780062024039,0
176,9780812981605,4
176,9780618640157,0
176,9780553283686,4
176,9780486411095,0
176,9780142410370,10
176,9780375869020,10
176,9780142410318,10
176,9780062094354,9
176,9780439023528,10
176,9780312674397,9
176,9780385737951,0
176,9780307887436,0
176,9780380729407,10
176,9780307743657,9
176,9781451696196,10
176,9780143039983,9
176,9780544336261,10
176,9780446605236,6
176,9781627792127,8
176,9780440414803,0
177,9780553293357,3
177,9780142437247,10
177,9780307743683,3
177,9780679732761,10
177,9780486415871,7
177,9780307474278,3
177,9780375826696,3
177,9780143039983,3
177,9781400079988,10
177,9780060935467,9
177,9780143039433,9
177,9780440180296,7
177,9780060883287,7
177,9780743273565,7
177,9780143035008,9
177,9780316769488,8
177,9780142410318,4
177,9780316015844,3
177,9781400033416,10
178,9780143039433,8
178,9780060935467,10
178,9781524763138,9
178,9780812548051,0
178,9780440180296,9
178,9780316769488,8
178,9781400033416,9
178,9780618640157,4
178,9780553380163,7
178,9780307743657,3
178,9780679732761,10
178,9780143035008,9
178,9780486415871,9
178,9780316017930,0
178,9780735211292,8
178,9780307588364,3
178,9780374533557,10
178,9780807014295,10
178,9780394758282,5
178,9780765326355,6
178,9780060883287,7
178,9780062316097,10
178,9780756404741,2
178,9781400079988,6
178,9780743273565,9
178,9780142437247,0
178,9780062457714,10
178,9780812981605,0
178,9780486282114,6
178,9780062407801,8
178,9780399590504,0
178,9780307352149,0
179,9780786838653,9
179,9780441172719,0
179,9780143124542,0
179,9780060850524,3
179,9780679879244,10
179,9780765326355,9
179,9780062259653,4
179,9780553103540,9
179,9780142437247,3
179,9780547928227,8
179,9780590353427,8
179,9781503278921,3
179,9780765311788,8
179,9780553380958,6
179,9780375826696,0
179,9780618640157,8
179,9780486415871,4
179,9780756404741,0
179,9780064404990,10
179,9780812548051,6
180,9780441478125,8
180,9780451524935,6
180,9780553380958,6
180,9780307454546,4
180,9780765311788,1
180,9780553293357,9
180,9780553418026,8
180,9780062407801,2
180,9780812550702,10
180,9780307887436,9
180,9780307472880,3
180,9780345391803,0
180,9780441172719,8
180,9780345337665,0
180,9780553283686,8
180,9780060850524,8
180,9780735211292,2
180,9780441569595,9
181,9780142410318,10
181,9780385737951,7
181,9781627792127,8
181,9780143124542,5
181,9780812981605,6
181,9780486411095,3
181,9780544336261,10
181,9780312674397,8
181,9780446605236,0
181,9780375869020,10
181,9780440414803,0
181,9780142410370,10
181,9780439023528,10
181,9780743273565,3
181,9781250012579,6
181,9780060850524,7
181,9780786838653,0
181,9780062259653,3
181,9780062024039,10
181,9781451696196,7
182,9780590353427,9
182,9780553380958,10
182,9780441172719,9
182,9780142410318,2
182,9780375826696,7
182,9780618640157,10
182,9780307887436,7
182,9780679732761,4
182,9780679879244,8
182,9780765311788,10
182,9780064404990,8
182,9781627792127,0
182,9780547928227,8
182,9780441569595,8
182,9780143039433,5
182,9780765326355,10
182,9780553103540,0
182,9780553418026,0
182,9780441478125,10
183,9780440414803,8
183,9780062259653,7
183,9780385737951,10
183,9780553103540,2
183,9780486266847,10
183,9780486282114,10
183,9780553293357,2
183,9780375869020,6
183,9780142410318,10
183,9780307743683,7
183,9780062024039,0
183,9780486411095,9
183,9780062073488,3
183,9780143039983,0
183,9780345337665,10
183,9780439023528,8
183,9780590353427,2
183,9781501142970,6
183,9780142410370,10
183,9781627792127,10
183,9780307341556,4
183,9781501156751,10
183,9780544336261,0
183,9781451696196,9
183,9780380729407,10
183,9780307743657,9
183,9780062094354,0
183,9781250012579,10
183,9780312674397,8
184,9780143035008,7
184,9780307588364,9
184,9780553380163,0
184,9780553293357,7
184,9780143113492,9
184,9780307341556,10
184,9780316769488,9
184,9780307887436,3
184,9781400033416,6
184,9780394758282,10
184,9781400079988,7
184,9780743273565,6
184,9780060935467,10
184,9781594634024,0
184,9780062073488,8
184,9780143039433,7
184,9780312924584,9
184,9780679732761,10
184,9780140280098,5
184,9780060850524,2
184,9780307474278,0
184,9780307454546,0
184,9780486415871,8
184,9780060883287,8
184,9781250301697,8
184,9780440180296,10
184,9780142437247,9
184,9781503278921,0
184,9780062693662,6
185,9780143035008,1
185,9780756404741,2
185,9781501156751,10
185,9780312674397,10
185,9780451524935,7
185,9780307743683,6
185,9780316017930,2
185,9781250012579,10
185,9781451696196,8
185,9780439023528,6
185,9780375869020,8
185,9780307743657,7
185,9780062259653,8
185,9780486282114,8
185,9780440414803,9
185,9780486411095,8
185,9780385737951,6
185,9781501142970,9
185,9780345337665,10
185,9780142410370,9
185,9780486266847,9
185,9780062024039,9
185,9780143124542,2
185,9780142410318,7
185,9780380729407,7
185,9780544336261,8
185,9780062094354,8
185,9780143039983,0
185,9780486415871,0
185,9781627792127,10
185,9780525478812,3
186,9780679732761,4
186,9781503278921,7
186,9781250301697,10
186,9780062693662,8
186,9781594634024,9
186,9780307743683,3
186,9780307341556,7
186,9780307474278,8
186,9780375869020,3
186,9780062073488,10
186,9780399590504,2
186,9780307454546,8
186,9780142410318,0
186,9780394758282,8
186,9780307588364,9
186,9780141439518,2
186,9780345337665,1
186,9780312924584,7
186,9780143113492,8
187,9780446605236,10
187,9780553418026,6
187,9780440212560,8
187,9780547928227,0
187,9780307743657,9
187,9780141439556,9
187,9780486411095,8
187,9781501142970,7
187,9780441569595,1
187,9780486266847,9
187,9781501156751,10
187,9780062094354,0
187,9780142410318,0
187,9780307472880,10
187,9780062024039,5
188,9780375826696,10
188,9780142410318,4
188,9780307743683,0
188,9780679879244,10
188,9780812548051,9
188,9780618640157,9
188,9781501142970,10
188,9780439023528,2
188,9780380729407,10
188,9780547928227,9
188,9780553103540,8
188,9780765326355,8
188,9780062259653,8
188,9780307743657,7
188,9780765311788,7
188,9780345391803,4
188,9781501156751,10
188,9780786838653,8
189,9780062024039,9
189,9780385737951,10
189,9780399590504,6
189,9780618640157,9
189,9780756404741,8
189,9780765326355,10
189,9780786838653,9
189,9780142410318,9
189,9780062316097,0
189,9780440414803,0
189,9780544336261,9
189,9780679879244,8
189,9780307454546,0
189,9780375869020,9
189,9780441478125,2
189,9780590353427,8
189,9781627792127,10
189,9780064404990,9
189,9781250012579,10
189,9780812548051,0
189,9780553103540,10
189,9780375826696,9
189,9780765311788,10
189,9780439023528,0
189,9780547928227,0
189,9780312674397,0
189,9780142410370,10
189,9781250301697,0
189,9780142437209,1
189,9781451696196,8
189,9781503278921,4
190,9780143113492,0
190,9781250301697,10
190,9780307341556,6
190,9780062073488,8
190,9780441569595,6
190,9780307454546,8
190,9780312674397,4
190,9781594634024,9
190,9781503278921,8
190,9780553380958,1
190,9780141439556,1
190,9781501142970,1
190,9780394758282,0
190,9780786838653,1
190,9780062693662,10
190,9780307474278,9
190,9780385737951,4
191,9780486282114,9
191,9781501156751,0
191,9780143113492,9
191,9780062457714,4
191,9780307588364,9
191,9780143039983,10
191,9780141439518,4
191,9780486411095,6
191,9780380729407,6
191,9780062094354,9
191,9781501142970,6
191,9780064404990,0
191,9780307454546,10
191,9780312924584,9
191,9780062693662,0
191,9780307743683,9
191,9780062259653,10
191,9780486266847,10
191,9780547928227,4
192,9780316015844,0
192,9780062259653,2
192,9780553283686,8
192,9780553418026,9
192,9781400033416,3
192,9780525478812,8
192,9780307472880,8
192,9780446605236,0
192,9780307743657,0
192,9780060850524,9
192,9780553380958,10
192,9780140280098,6
192,9780451524935,9
192,9780345391803,9
192,9780440212560,8
192,9780553293357,0
192,9780143124542,7
192,9780441172719,9
192,9780486266847,4
192,9780441478125,0
192,9780141439518,8
192,9780142437209,10
192,9780441569595,10
193,9780679879244,6
193,9781501142970,1
193,9780440414803,1
193,9780312924584,10
193,9780307474278,10
193,9780307588364,0
193,9781503278921,10
193,9780394758282,9
193,9780375869020,4
193,9780375826696,0
193,9781594634024,9
193,9781400033416,0
193,9781250301697,9
193,9780307341556,0
193,9781501110368,1
193,9780307454546,0
193,9780062073488,0
193,9780143113492,9
193,9780062693662,9
194,9780399590504,8
194,9780143124542,2
194,9780060935467,0
194,9780812550702,0
194,9781524763138,7
194,9780062457714,7
194,9780374533557,0
194,9781501142970,4
194,9780307352149,9
194,9780312924584,2
194,9780316017930,7
194,9780735211292,8
194,9780812981605,8
194,9781400033416,1
194,9780807014295,9
194,9780553380163,0
194,9780345391803,7
194,9780062316097,9
194,9780380729407,1
194,9780062407801,0
195,9780807014295,8
195,9780316017930,0
195,9780486415871,1
195,9780544336261,3
195,9780743273565,3
195,9780547928227,2
195,9780307352149,9
195,9780062316097,10
195,9780062457714,9
195,9781524763138,7
195,9780399590504,10
195,9780679732761,1
195,9780553380163,10
195,9780374533557,0
195,9780812981605,9
195,9780312674397,2
195,9780062407801,6
195,9780735211292,10
195,9780553293357,2
195,9781503278921,2
196,9781524763138,8
196,9780062457714,8
196,9781400033416,3
196,9780679732761,7
196,9780399590504,9
196,9781451696196,2
196,9780062407801,6
196,9780316017930,8
196,9780374533557,7
196,9780307352149,7
196,9780812981605,7
196,9780062316097,7
196,9780807014295,9
196,9780553380163,0
196,9780486411095,2
196,9780142410370,4
196,9780735211292,7
197,9780385737951,7
197,9780143039983,8
197,9780312674397,0
197,9780062094354,8
197,9780345337665,8
197,9780380729407,10
197,9780553293357,1
197,9780307454546,5
197,9781501142970,9
197,9780307743657,10
197,9780307743683,9
197,9781501156751,10
197,9780553283686,2
197,9780316015844,3
197,9780486411095,10
197,9780590353427,2
197,9780062259653,10
197,9780486282114,10
197,9781627792127,2
197,9780486266847,9
198,9781451696196,8
198,9780486411095,7
198,9780735211292,0
198,9780807014295,10
198,9780062316097,8
198,9780307352149,10
198,9780812981605,10
198,9780553380163,9
198,9780062457714,8
198,9780374533557,10
198,9780440414803,8
198,9780312674397,8
198,9780375869020,6
198,9780140280098,2
198,9780618640157,2
198,9780142410370,10
198,9781627792127,0
198,9780440180296,4
198,9780553103540,0
198,9781250012579,10
198,9780062407801,7
198,9780062024039,0
198,9780439023528,9
198,9780544336261,0
198,9780345337665,2
198,9780553418026,2
198,9780399590504,8
198,9780316017930,9
198,9780142410318,10
198,9781524763138,10
198,9780385737951,10
199,9781400079988,1
199,9780553283686,9
199,9780553380958,0
199,9780441569595,10
199,9780062259653,5
199,9780756404741,1
199,9780786838653,2
199,9780060883287,4
199,9780451524935,0
199,9780812550702,0
199,9780345391803,10
199,9780307887436,7
199,9780060850524,8
199,9780062457714,7
199,9780441478125,0
199,9780441172719,0
199,9780553418026,10
200,9780553380958,7
200,9780812550702,9
200,9780441172719,0
200,9780345391803,9
200,9780441478125,10
200,9780062024039,5
200,9780486282114,8
200,9780345337665,9
200,9780553293357,9
200,9780380729407,0
200,9780441569595,0
200,9780062094354,6
200,9780064404990,4
200,9780060850524,7
200,9780553418026,7
200,9781501156751,8
200,9780143039983,0
200,9781451696196,1
200,9780307887436,0
200,9780486411095,10
200,9780451524935,8
200,9780062259653,10
200,9780553283686,7
200,9781501142970,0
200,9780679879244,4
200,9780618640157,3
200,9780307743683,8
200,9780307743657,10
200,9780486266847,8
201,9780812550702,4
201,9781503278921,8
201,9780394758282,10
201,9780312924584,10
201,9780062073488,0
201,9781594634024,9
201,9780307474278,10
201,9780064404990,1
201,9780143113492,9
201,9780544336261,5
201,9781250301697,10
201,9780743273565,2
201,9780807014295,0
201,9780307341556,8
201,9781400079988,3
201,9780307454546,0
201,9780062693662,9
201,9780307588364,10
202,9780547928227,6
202,9780553103540,7
202,9780812548051,9
202,9780590353427,8
202,9780679879244,8
202,9780307743657,3
202,9780553418026,0
202,9780140280098,0
202,9780060935467,3
202,9780618640157,6
202,9780486415871,4
202,9780375826696,0
202,9780756404741,7
202,9780765311788,10
202,9780786838653,10
202,9780765326355,10
202,9780143124542,3
202,9780064404990,9
203,9780345337665,9
203,9780062259653,8
203,9780486266847,6
203,9780062094354,10
203,9780064404990,2
203,9780307743657,7
203,9781501156751,9
203,9780062316097,1
203,9780486282114,10
203,9780735211292,2
203,9780060850524,5
203,9780486411095,6
203,9780307743683,0
203,9781501142970,0
203,9780143039983,9
203,9780142410370,3
203,9780380729407,9
203,9780060935467,3
204,9780141439556,9
204,9781501110368,0
204,9780440212560,9
204,9780812550702,0
204,9780525478812,8
204,9780141439518,10
204,9780307472880,10
204,9780142437209,8
204,9780451524935,1
204,9780679879244,2
204,9780143124542,10
204,9780062407801,4
204,9780307352149,4
204,9780156029438,9
204,9780316015844,8
204,9780060850524,3
204,9780446605236,8
204,9780316017930,2
204,9780140280098,10
205,9781400033416,3
205,9780618640157,0
205,9780345337665,10
205,9781451696196,3
205,9780486411095,9
205,9780062094354,9
205,9780307743683,7
205,9780307341556,7
205,9780156029438,5
205,9780143039983,6
205,9780312924584,5
205,9780380729407,9
205,9781501156751,10
205,9780062259653,8
205,9780486282114,9
205,9780062316097,5
205,9781501142970,0
205,9780486266847,6
205,9780451524935,0
205,9780307743657,9
206,9781501142970,7
206,9780062094354,8
206,9780307341556,7
206,9781250301697,9
206,9780380729407,0
206,9780143039983,10
206,9781400033416,3
206,9780553418026,5
206,9781501156751,0
206,9781594634024,8
206,9780307743657,8
206,9781503278921,7
206,9780807014295,4
206,9780062693662,9
206,9780143113492,10
206,9780486266847,10
206,9780307743683,6
206,9780312924584,10
206,9780062073488,8
206,9780307588364,7
206,9780345337665,8
206,9780486282114,6
206,9780394758282,9
206,9780307454546,10
206,9780486411095,8
206,9780547928227,1
206,9780307474278,0
206,9780446605236,2
206,9780062259653,9
207,9780316015844,10
207,9780679879244,0
207,9780547928227,10
207,9780440212560,10
207,9780553103540,9
207,9780060850524,4
207,9780375869020,5
207,9780142437209,10
207,9780141439518,9
207,9780307341556,1
207,9780156029438,10
207,9780765311788,9
207,9780756404741,9
207,9780143124542,8
207,9780525478812,10
207,9780765326355,0
207,9780618640157,0
207,9780446605236,7
207,9781400079988,3
207,9780812548051,10
207,9780140280098,7
207,9780141439556,10
207,9780307472880,7
207,9781501156751,0
207,9780064404990,9
207,9780486415871,3
207,9780375826696,9
207,9780786838653,10
207,9780590353427,10
207,9781501110368,9
208,9781501110368,3
208,9780062457714,7
208,9780307887436,7
208,9780060850524,0
208,9780316017930,0
208,9780062073488,7
208,9780451524935,0
208,9780807014295,10
208,9780812550702,10
208,9780441478125,6
208,9781627792127,7
208,9780547928227,0
208,9780812981605,10
208,9780441569595,10
208,9780062316097,10
208,9780307352149,8
208,9780553293357,9
208,9780345391803,8
208,9780553380163,10
208,9780374533557,7
208,9780441172719,0
208,9780142437209,6
208,9780062407801,10
208,9780394758282,3
208,9780553380958,6
208,9780553283686,7
208,9780440212560,0
208,9780486282114,4
208,9781524763138,8
208,9780553418026,8
208,9780399590504,10
208,9780735211292,6
209,9780307474278,4
209,9780374533557,3
209,9780307743657,7
209,9780486282114,10
209,9780486411095,8
209,9780345337665,9
209,9780307352149,1
209,9780062259653,9
209,9780441172719,0
209,9780486266847,0
209,9781501156751,9
209,9780307743683,0
209,9780451524935,1
209,9780062094354,10
209,9780380729407,9
209,9781501142970,0
209,9780141439518,5
209,9780143039983,9
210,9780812548051,8
210,9780142410318,9
210,9780679879244,7
210,9780756404741,7
210,9780553103540,10
210,9780553380163,0
210,9780142410370,9
210,9780590353427,10
210,9780547928227,10
210,9780440414803,0
210,9780765326355,7
210,9780062024039,10
210,9781451696196,8
210,9780143039983,6
210,9780786838653,9
210,9780544336261,9
211,9780590353427,10
211,9780735211292,9
211,9780618640157,0
211,9780307588364,0
211,9781524763138,10
211,9780786838653,7
211,9780553380163,0
211,9780441569595,1
211,9780807014295,8
211,9780756404741,10
211,9780374533557,9
211,9780679732761,6
211,9780141439518,4
211,9780307352149,0
211,9780765311788,9
211,9780064404990,10
211,9780679879244,9
211,9780812981605,9
211,9780060883287,4
211,9780316017930,7
211,9780399590504,6
211,9780375826696,9
211,9780547928227,10
211,9780486282114,4
211,9780062407801,0
211,9780553283686,1
211,9780062457714,8
211,9780062316097,7
211,9780765326355,0
211,9780553103540,6
211,9780307887436,2
211,9780812548051,10
212,9780440414803,9
212,9780316017930,1
212,9781451696196,7
212,9781400079988,3
212,9780143039433,5
212,9780375869020,8
212,9781627792127,0
212,9780385737951,8
212,9780143035008,1
212,9780544336261,0
212,9780142410318,9
212,9780312924584,6
212,9781250012579,7
212,9780439023528,10
212,9780812550702,2
212,9780307341556,3
212,9780142410370,10
212,9780312674397,8
212,9780062024039,10
213,9780441569595,3
213,9780062457714,9
213,9780307352149,8
213,9780374533557,7
213,9780399590504,10
213,9780307454546,1
213,9780812981605,8
213,9780807014295,8
213,9780553283686,1
213,9781524763138,9
213,9780553380163,0
213,9780062316097,8
213,9780316017930,9
213,9780142437247,1
213,9780316769488,4
213,9780140280098,4
213,9780735211292,0
213,9780062407801,8
214,9780374533557,5
214,9780307454546,8
214,9780307588364,7
214,9780756404741,9
214,9780679879244,9
214,9781594634024,10
214,9780062024039,4
214,9780307341556,10
214,9781503278921,9
214,9780394758282,8
214,9780786838653,6
214,9780307474278,6
214,9780062073488,9
214,9781250301697,8
214,9780812981605,0
214,9781250012579,1
214,9780812548051,6
214,9780062693662,10
214,9780765326355,0
214,9780765311788,9
214,9780590353427,6
214,9780618640157,8
215,9780374533557,10
215,9780446605236,3
215,9780553380163,9
215,9780307743683,1
215,9780307454546,8
215,9780143113492,9
215,9780399590504,7
215,9780312924584,9
215,9780375869020,7
215,9780307352149,9
215,9780812981605,9
215,9780307341556,6
215,9780316017930,0
215,9780439023528,3
215,9780062073488,6
215,9780394758282,0
215,9781250301697,9
215,9780307588364,7
215,9781524763138,10
215,9780807014295,10
215,9781503278921,0
215,9781594634024,6
215,9780735211292,9
215,9780307474278,9
215,9780062407801,10
215,9780143039433,2
215,9780062316097,0
215,9780440414803,0
215,9780062457714,7
215,9780486282114,4
215,9780062693662,9
216,9780375869020,10
216,9780062024039,8
216,9780394758282,1
216,9780439023528,0
216,9781627792127,8
216,9780142410318,0
216,9780142410370,10
216,9780679732761,1
216,9780062094354,1
216,9780141439556,1
216,9781451696196,10
216,9780312674397,8
216,9780440414803,7
216,9780544336261,9
216,9780441478125,2
216,9781250012579,10
216,9780060850524,3
216,9780812981605,2
216,9780385737951,7
217,9780451524935,2
217,9780743273565,10
217,9780525478812,2
217,9781400033416,0
217,9780062407801,3
217,9780486415871,10
217,9780143035008,0
217,9780316769488,9
217,9780440180296,8
217,9780679732761,9
217,9780385737951,2
217,9781501142970,2
217,9781400079988,9
217,9780060935467,8
217,9780142437247,0
217,9780060883287,7
217,9780143113492,4
217,9780143039433,9
217,9780143124542,7
218,9780316015844,10
218,9780142437209,10
218,9780486411095,1
218,9780141439556,7
218,9780141439518,9
218,9780525478812,10
218,9780156029438,10
218,9781501110368,8
218,9780590353427,5
218,9780446605236,6
218,9780375869020,2
218,9780140280098,9
218,9781503278921,6
218,9780060935467,3
218,9780307472880,8
218,9780440212560,9
218,9780553418026,4
218,9780143124542,0
219,9780307341556,9
219,9780143113492,10
219,9780307474278,10
219,9780394758282,10
219,9781594634024,9
219,9780062073488,10
219,9780312924584,6
219,9780307588364,0
219,9780374533557,3
219,9781501156751,4
219,9780062693662,10
219,9780143035008,5
219,9780735211292,3
219,9780142410318,6
219,9780590353427,1
219,9780143039983,0
219,9781627792127,3
219,9781250301697,10
219,9780307454546,10
219,9781503278921,10
220,9781524763138,0
220,9780735211292,9
220,9780486282114,9
220,9781501156751,10
220,9780807014295,9
220,9780307743683,10
220,9780307743657,6
220,9780060850524,7
220,9780394758282,0
220,9780307352149,8
220,9780143039983,0
220,9780062259653,10
220,9780062407801,0
220,9780345337665,10
220,9780399590504,0
220,9780486411095,10
220,9780062316097,0
220,9780486266847,9
220,9780380729407,0
220,9780374533557,8
220,9781400079988,3
220,9781501142970,10
220,9780553380163,9
220,9780618640157,0
220,9780062094354,7
221,9781501110368,5
221,9781594634024,0
221,9780143113492,0
221,9780064404990,2
221,9780141439518,5
221,9780394758282,7
221,9780307588364,8
221,9780544336261,1
221,9781524763138,2
221,9780345391803,3
221,9780307341556,8
221,9780307454546,7
221,9780525478812,2
221,9780307474278,9
221,9780062693662,10
221,9780312924584,9
221,9781250301697,6
221,9781503278921,9
221,9780062073488,9
222,9780735211292,6
222,9780345337665,3
222,9780062316097,0
222,9781501156751,1
222,9780307743683,0
222,9780374533557,9
222,9781524763138,9
222,9780553380163,0
222,9780062457714,10
222,9780316017930,9
222,9780307352149,9
222,9780399590504,10
222,9780439023528,3
222,9780807014295,0
222,9780812981605,8
222,9780441172719,6
222,9780141439556,4
222,9780307472880,1
222,9780062407801,9
223,9780441478125,9
223,9780765326355,7
223,9780060883287,2
223,9780307341556,5
223,9780312674397,10
223,9780060850524,0
223,9780553293357,9
223,9780451524935,7
223,9780142410370,7
223,9780312924584,6
223,9781250012579,7
223,9780143124542,0
223,9781627792127,0
223,9780375869020,7
223,9780439023528,0
223,9780441172719,9
223,9780812550702,10
223,9780553418026,9
223,9781451696196,8
223,9780307887436,6
223,9780345391803,6
223,9780316015844,0
223,9780062407801,4
223,9780553380958,8
223,9780441569595,7
223,9780142410318,10
223,9780440414803,9
223,9780062024039,0
223,9780544336261,9
223,9780385737951,0
223,9780553283686,7
224,9780062024039,9
224,9781250301697,8
224,9781503278921,7
224,9781627792127,10
224,9780553380163,7
224,9780307588364,6
224,9780307454546,10
224,9780375869020,10
224,9780440414803,7
224,9780385737951,7
224,9780544336261,9
224,9780394758282,0
224,9780060935467,4
224,9780142410370,0
224,9780143113492,0
224,9780786838653,2
224,9780439023528,10
224,9780307474278,0
224,9780312924584,9
224,9780312674397,0
224,9780553293357,1
224,9781250012579,7
224,9780062073488,0
224,9781594634024,8
224,9780142410318,0
224,9780345391803,6
224,9780062693662,9
224,9780307341556,6
224,9780553103540,2
224,9781451696196,10
225,9781400033416,3
225,9780486411095,7
225,9780307743683,10
225,9780345337665,9
225,9780553283686,5
225,9780486282114,9
225,9780062259653,9
225,9780143039983,7
225,9780062094354,8
225,9780380729407,0
225,9781501142970,9
225,9780553418026,0
225,9780486266847,10
225,9780439023528,1
225,9780060883287,1
225,9780143035008,5
225,9780307743657,9
225,9781501156751,0
225,9780060935467,0
226,9780553380958,10
226,9780142410318,2
226,9780316769488,6
226,9780486415871,9
226,9780679732761,10
226,9780486282114,1
226,9781400033416,0
226,9780812550702,10
226,9780142437247,0
226,9780440180296,6
226,9780143124542,5
226,9780590353427,6
226,9780307887436,10
226,9780743273565,9
226,9780143035008,7
226,9780060935467,8
226,9781400079988,9
226,9780451524935,8
226,9780441478125,6
226,9780553283686,8
226,9780345391803,9
227,9780307352149,6
227,9780553380163,10
227,9780062457714,0
227,9781400079988,10
227,9780143113492,2
227,9780679732761,8
227,9780142437247,10
227,9781400033416,10
227,9780807014295,9
227,9780143039433,6
227,9780812981605,0
227,9781501142970,2
227,9780316769488,10
227,9780735211292,0
227,9780062407801,10
227,9780374533557,10
227,9780743273565,6
227,9780399590504,0
227,9780394758282,5
227,9780553418026,2
227,9780440180296,9
227,9780062316097,10
227,9780316017930,9
227,9781524763138,9
227,9780486415871,0
227,9780060935467,0
227,9780143035008,9
227,9780060883287,8
228,9780786838653,0
228,9780679879244,0
228,9780553103540,10
228,9780375826696,10
228,9780812548051,7
228,9780142410318,6
228,9780765326355,9
228,9780590353427,10
228,9780141439556,7
228,9780316015844,7
228,9780446605236,9
228,9780374533557,0
228,9780525478812,8
228,9781594634024,0
228,9780756404741,10
228,9780142437209,7
228,9780440212560,10
228,9780062259653,7
228,9781501110368,0
228,9780451524935,1
228,9780140280098,0
228,9780547928227,10
229,9780486266847,0
229,9780307743657,9
229,9780380729407,6
229,9780486282114,10
229,9780307743683,10
229,9780316017930,0
229,9780441478125,6
229,9781501156751,8
229,9781501142970,0
229,9780060883287,2
229,9780345337665,8
229,9780062259653,9
229,9780385737951,2
229,9780143035008,6
229,9780486411095,10
229,9780143039983,10
229,9780553380958,2
229,9780553418026,1
229,9780062094354,10
230,9780553418026,7
230,9780553293357,10
230,9780486282114,7
230,9780345391803,10
230,9780812550702,8
230,9780553283686,10
230,9780140280098,1
230,9780451524935,0
230,9780441569595,10
230,9780441478125,9
230,9780060850524,10
230,9780307887436,10
230,9780062073488,4
230,9780062094354,5
230,9780553380958,9
230,9780679879244,2
230,9780441172719,0
230,9780786838653,1
230,9780141439518,3
231,9780547928227,9
231,9780756404741,0
231,9780807014295,0
231,9780141439518,4
231,9780765311788,9
231,9780451524935,0
231,9780679879244,0
231,9780743273565,5
231,9780618640157,8
231,9780812548051,9
231,9780375826696,10
231,9780062094354,1
231,9780553103540,0
231,9780143124542,3
231,9781250012579,1
231,9780765326355,8
231,9780544336261,2
231,9780786838653,0
231,9780064404990,0
231,9780590353427,0
232,9780553103540,8
232,9780765326355,8
232,9780307352149,0
232,9780786838653,7
232,9780064404990,10
232,9780812981605,10
232,9780374533557,0
232,9780547928227,0
232,9780756404741,10
232,9780316017930,10
232,9780807014295,7
232,9781524763138,0
232,9780307743657,5
232,9780486415871,3
232,9780399590504,9
232,9780765311788,7
232,9780380729407,2
232,9780062316097,10
232,9780812548051,10
233,9780307588364,3
233,9780486411095,7
233,9780062094354,0
233,9780312674397,7
233,9780142437209,7
233,9780385737951,10
233,9780439023528,10
233,9781250012579,10
233,9780544336261,9
233,9780375869020,0
233,9780062259653,8
233,9780316769488,3
233,9780142410318,10
233,9780345337665,6
233,9780486266847,9
233,9780440414803,10
233,9780756404741,2
233,9781451696196,9
233,9781250301697,0
233,9781501156751,10
233,9780307743657,10
233,9781627792127,0
233,9780062024039,10
233,9780547928227,5
233,9780142410370,6
233,9780143039983,9
233,9780486282114,9
233,9780380729407,8
233,9780307743683,6
233,9781501142970,10
234,9780765311788,8
234,9780679879244,7
234,9780812548051,8
234,9780547928227,0
234,9780064404990,8
234,9780440180296,0
234,9780375826696,0
234,9780142410318,1
234,9780062073488,5
234,9781451696196,0
234,9780786838653,0
234,9780765326355,6
234,9780590353427,0
234,9780756404741,8
234,9780618640157,10
234,9780553103540,10
234,9780307472880,3
234,9780553418026,2
234,9780812550702,4
235,9780486411095,7
235,9780679879244,3
235,9780451524935,1
235,9781451696196,5
235,9780062094354,7
235,9780345337665,7
235,9780439023528,4
235,9780143039983,10
235,9780307743683,8
235,9781501156751,7
235,9781501142970,9
235,9780486266847,10
235,9780143035008,3
235,9780380729407,7
235,9780374533557,3
235,9780062259653,0
235,9781501110368,5
235,9780486282114,8
235,9780307743657,10
236,9780375826696,9
236,9780394758282,7
236,9780812548051,10
236,9780756404741,7
236,9780765326355,10
236,9780062693662,10
236,9780786838653,9
236,9780590353427,9
236,9780618640157,8
236,9781594634024,0
236,9780679879244,9
236,9780312924584,9
236,9780143039983,0
236,9781250301697,10
236,9780143113492,9
236,9780064404990,10
236,9780062073488,8
236,9780307341556,0
236,9781503278921,8
236,9781524763138,1
236,9780765311788,10
236,9780307588364,9
236,9780553103540,0
236,9780547928227,9
236,9780735211292,0
236,9780307454546,9
236,9780307474278,10
237,9780316769488,10
237,9780142437247,10
237,9780553293357,1
237,9780385737951,1
237,9780440212560,1
237,9780486415871,9
237,9780062259653,0
237,9781400079988,0
237,9780060883287,8
237,9780143039433,9
237,9780375826696,0
237,9780679732761,9
237,9780060935467,0
237,9781501110368,4
238,9780316769488,8
238,9780142437247,6
238,9780486415871,10
238,9780743273565,10
238,9780060883287,10
238,9780143035008,7
238,9780679732761,9
238,9780486266847,6
238,9781400033416,10
238,9781250012579,1
238,9780142410318,5
238,9780441569595,6
238,9780062693662,2
238,9781400079988,0
238,9780060935467,7
238,9780143039433,9
238,9780143039983,6
238,9780440180296,0
239,9780385737951,8
239,9780142437209,5
239,9780312674397,0
239,9781250012579,10
239,9780142410318,9
239,9781400079988,3
239,9780062024039,9
239,9781501110368,2
239,9780544336261,9
239,9780618640157,2
239,9780553293357,1
239,9781524763138,3
239,9781503278921,3
239,9780142410370,8
239,9780439023528,10
239,9781451696196,9
239,9780440414803,10
239,9780375869020,10
239,9781400033416,1
239,9781627792127,7
240,9780141439556,6
240,9780440414803,4
240,9780143124542,8
240,9780142437209,10
240,9780486415871,0
240,9781503278921,3
240,9780307472880,10
240,9780062094354,5
240,9780141439518,10
240,9780446605236,10
240,9780525478812,8
240,9780440212560,9
240,9780316015844,0
240,9781501110368,6
240,9780140280098,10
240,9780062073488,2
240,9780142410318,0
240,9780156029438,8
241,9780553380958,10
241,9780441569595,7
241,9780441172719,9
241,9780441478125,10
241,9781627792127,1
241,9780307474278,4
241,9780553283686,0
241,9780345391803,10
241,9780307588364,0
241,9781400079988,7
241,9780812550702,7
241,9781524763138,4
241,9780307887436,8
241,9780451524935,7
241,9780060850524,0
241,9780618640157,1
241,9780553418026,8
241,9780679879244,0
241,9780553293357,9
242,9780062693662,7
242,9781250301697,10
242,9780812981605,10
242,9780307341556,10
242,9781524763138,9
242,9780143113492,10
242,9780312924584,9
242,9781503278921,9
242,9780525478812,5
242,9780394758282,8
242,9780062073488,7
242,9780307588364,9
242,9780486282114,2
242,9781501142970,1
242,9780062407801,10
242,9780062259653,7
242,9780062457714,10
242,9781250012579,3
242,9780553380163,10
242,9780399590504,10
242,9780062316097,10
242,9780807014295,9
242,9781594634024,7
242,9780143124542,1
242,9780307352149,8
242,9780316017930,0
242,9780307454546,7
242,9780307474278,8
242,9780735211292,10
242,9780374533557,7
243,9781250012579,8
243,9780394758282,3
243,9780440414803,10
243,9780385737951,9
243,9780618640157,5
243,9780544336261,7
243,9781400079988,2
243,9780142410370,8
243,9780142410318,10
243,9780375869020,7
243,9781627792127,0
243,9780679732761,4
243,9781501142970,0
243,9780312674397,7
243,9781451696196,7
243,9780439023528,8
243,9780141439556,4
243,9780062407801,0
243,9780062024039,9
244,9780812550702,0
244,9781400079988,9
244,9780345337665,3
244,9780439023528,3
244,9780316769488,0
244,9780486415871,7
244,9780143039433,10
244,9780316017930,1
244,9780446605236,5
244,9780374533557,4
244,9780142437247,8
244,9780679732761,10
244,9780440180296,8
244,9780743273565,7
244,9781400033416,9
244,9780143035008,9
244,9780060883287,8
244,9780060935467,10
244,9780307454546,3
244,9780553380163,5
245,9780590353427,10
245,9780307454546,3
245,9780307743657,8
245,9780143039983,10
245,9780765311788,10
245,9780618640157,8
245,9780679879244,10
245,9780486282114,0
245,9780062259653,6
245,9780064404990,7
245,9780765326355,10
245,9780756404741,9
245,9780375826696,6
245,9781501156751,9
245,9780486266847,10
245,9780307743683,10
245,9780062073488,2
245,9780441172719,2
245,9780553103540,6
245,9780062094354,9
245,9780486411095,9
245,9780486415871,3
245,9780345337665,10
245,9780786838653,10
245,9780380729407,9
245,9780060935467,3
245,9780547928227,9
245,9780394758282,2
245,9780060850524,3
245,9780553418026,5
245,9780812548051,8
245,9781501142970,9
246,9780486266847,8
246,9780156029438,8
246,9780380729407,9
246,9780441569595,2
246,9780307743657,9
246,9780316015844,0
246,9780143124542,10
246,9780141439518,7
246,9781501142970,7
246,9780553418026,3
246,9780062094354,10
246,9780446605236,10
246,9780307472880,10
246,9780143039983,9
246,9780486282114,8
246,9780307743683,10
246,9780140280098,6
246,9780143035008,2
246,9780062693662,2
246,9780345337665,10
246,9780486411095,10
246,9781501156751,9
246,9780141439556,10
246,9780062259653,10
246,9780440212560,6
246,9780142437209,8
246,9781501110368,0
246,9780525478812,10
247,9780375869020,1
247,9781503278921,10
247,9780756404741,3
247,9780142437209,3
247,9780307588364,10
247,9781594634024,10
247,9780062316097,3
247,9780440414803,1
247,9780307454546,10
247,9780060850524,1
247,9780441569595,1
247,9780553380958,4
247,9780307341556,10
247,9781250301697,10
247,9780062693662,8
247,9780307474278,10
247,9780143113492,10
247,9780312924584,0
248,9780679879244,9
248,9780812548051,9
248,9780345337665,2
248,9780316017930,4
248,9780375826696,10
248,9780786838653,9
248,9780618640157,10
248,9780765311788,6
248,9780756404741,10
248,9780590353427,9
248,9780141439556,1
248,9781400033416,3
248,9780064404990,7
248,9781627792127,1
248,9780553103540,10
248,9780547928227,9
248,9780307341556,3
248,9780765326355,0
249,9780142437209,9
249,9780316015844,10
249,9780156029438,7
249,9780307743683,4
249,9780765326355,0
249,9780140280098,6
249,9780141439518,10
249,9781501110368,10
249,9780446605236,7
249,9780440212560,9
249,9780312674397,0
249,9780440414803,3
249,9781503278921,2
249,9780062024039,0
249,9780525478812,0
249,9780143124542,7
250,9780062259653,2
250,9780307887436,10
250,9781501110368,1
250,9780618640157,9
250,9780064404990,7
250,9780590353427,8
250,9780812548051,10
250,9780441569595,8
250,9780812550702,8
250,9780441478125,8
250,9780786838653,10
250,9780679879244,10
250,9781250012579,2
250,9780553293357,0
250,9780756404741,9
250,9780765311788,10
250,9780060850524,9
250,9780486415871,0
250,9780062457714,3
250,9780553283686,8
250,9780375826696,10
250,9780553380958,7
250,9780345391803,7
250,9780547928227,8
250,9780765326355,9
250,9780441172719,9
250,9780553103540,7
250,9780451524935,8
250,9780142437209,7
250,9781627792127,4
250,9780553418026,10
251,9780156029438,9
251,9780525478812,10
251,9780394758282,3
251,9780812981605,4
251,9780440212560,10
251,9780141439556,0
251,9780143124542,0
251,9780140280098,7
251,9780141439518,10
251,9780446605236,9
251,9780307472880,8
251,9780142437209,10
251,9781501110368,9
251,9780062073488,1
251,9781501142970,0
251,9780307887436,0
251,9780316015844,0
251,9781400033416,4
252,9780312924584,10
252,9780307341556,7
252,9780307454546,10
252,9780553418026,0
252,9781594634024,8
252,9780394758282,9
252,9780062693662,0
252,9781250301697,8
252,9781503278921,9
252,9780441569595,3
252,9780062073488,10
252,9780380729407,2
252,9780307474278,9
252,9780553380958,3
252,9780345391803,5
252,9780143113492,10
252,9780807014295,0
252,9780307588364,8
253,9780525478812,0
253,9780451524935,7
253,9780553283686,9
253,9780441172719,6
253,9780307743657,5
253,9780307472880,7
253,9780441569595,0
253,9780060935467,5
253,9780345391803,9
253,9780440212560,9
253,9780441478125,7
253,9780156029438,7
253,9780140280098,10
253,9780062024039,2
253,9780765311788,2
253,9780143124542,10
253,9780060850524,6
253,9780439023528,3
253,9780307887436,10
253,9780141439556,6
253,9780316015844,6
253,9780446605236,9
253,9780142437209,0
253,9780399590504,1
253,9780553418026,6
253,9780812550702,9
253,9781501110368,8
253,9780553380958,8
253,9780141439518,10
253,9780553293357,7
253,9780743273565,1
254,9781250301697,0
254,9780316015844,3
254,9781594634024,10
254,9780394758282,8
254,9780143113492,9
254,9780062316097,7
254,9780812981605,6
254,9780307341556,7
254,9780062693662,0
254,9780062407801,4
254,9780312924584,8
254,9780307588364,10
254,9780307474278,8
254,9780307454546,10
254,9780375869020,4
254,9781503278921,10
254,9780143039433,4
254,9780062073488,6
254,9780439023528,1
255,9780062407801,10
255,9781627792127,7
255,9780316017930,0
255,9780812981605,10
255,9780679879244,3
255,9780062316097,9
255,9780399590504,10
255,9780374533557,8
255,9780486266847,1
255,9780553380163,10
255,9780440180296,2
255,9780807014295,0
255,9780735211292,9
255,9780312924584,2
255,9781501156751,2
255,9780812550702,1
255,9780307352149,6
255,9781524763138,10
255,9780345337665,1
255,9780062457714,0
256,9780486266847,0
256,9780140280098,8
256,9780143039983,9
256,9780380729407,8
256,9780307743657,7
256,9780060935467,5
256,9780141439556,7
256,9780143113492,3
256,9780307743683,8
256,9780735211292,3
256,9780156029438,10
256,9780486411095,6
256,9780141439518,9
256,9780446605236,0
256,9780062259653,0
256,9781501156751,10
256,9780765311788,0
256,9780345337665,8
256,9780316015844,0
256,9780062457714,1
256,9781250012579,3
256,9781501142970,10
256,9780142437209,0
256,9780307472880,9
256,9780439023528,0
256,9781501110368,0
256,9781627792127,2
256,9780440212560,10
256,9780143124542,8
257,9781627792127,3
257,9780307454546,8
257,9780142437247,6
257,9780143124542,10
257,9780440212560,9
257,9780142437209,9
257,9780141439556,7
257,9780142410318,3
257,9780062693662,9
257,9780446605236,0
257,9781250301697,9
257,9780307472880,10
257,9780312924584,9
257,9780143113492,8
257,9780062073488,7
257,9780765311788,6
257,9780316015844,0
257,9781503278921,10
257,9780307474278,0
257,9781501110368,6
257,9780140280098,7
257,9780156029438,0
257,9780060883287,4
257,9780525478812,7
257,9780141439518,7
257,9781594634024,8
257,9780553380958,1
257,9780307341556,0
257,9780143039983,1
257,9780394758282,8
257,9780307588364,8
258,9780060935467,10
258,9781400033416,9
258,9780064404990,0
258,9780060883287,6
258,9780143039433,8
258,9780141439556,9
258,9780440212560,10
258,9780142437247,8
258,9780765311788,0
258,9780307472880,9
258,9780380729407,4
258,9780446605236,8
258,9781400079988,10
258,9780143035008,9
258,9780486415871,10
258,9780679732761,0
258,9780316769488,10
258,9780316015844,6
258,9780156029438,10
258,9780345337665,5
258,9780141439518,10
258,9780140280098,9
258,9780440180296,9
258,9780142437209,7
258,9780525478812,8
258,9780743273565,7
258,9780553103540,6
258,9780143124542,6
258,9781501110368,7
258,9780385737951,2
259,9780140280098,8
259,9780156029438,8
259,9780141439518,6
259,9780486415871,2
259,9780062259653,4
259,9780440212560,0
259,9780141439556,8
259,9780143039983,0
259,9780553418026,2
259,9781501110368,8
259,9780446605236,7
259,9780525478812,10
259,9780143124542,7
259,9780316015844,0
260,9780141439556,10
260,9780345391803,0
260,9780486411095,4
260,9780140280098,0
260,9780062316097,4
260,9780525478812,7
260,9781250301697,1
260,9780143124542,9
260,9780544336261,2
260,9780307472880,9
260,9781501110368,0
260,9780142437209,6
260,9780316015844,10
260,9780553380958,0
260,9780440212560,0
260,9780064404990,1
260,9780446605236,10
260,9780316017930,5
260,9780141439518,10
260,9780156029438,10
261,9780142410370,0
261,9780375869020,10
261,9781250012579,6
261,9780143124542,4
261,9780756404741,1
261,9780062024039,10
261,9780385737951,7
261,9780486266847,7
261,9780375826696,2
261,9780312674397,0
261,9780142410318,9
261,9781627792127,10
261,9780439023528,7
261,9780544336261,7
261,9781451696196,9
262,9780374533557,0
262,9780156029438,3
262,9780440414803,0
262,9780142410370,8
262,9780375869020,9
262,9780394758282,2
262,9780062024039,10
262,9781627792127,0
262,9780385737951,8
262,9780553380958,0
262,9780142410318,10
262,9780312674397,9
262,9780544336261,9
262,9780439023528,9
262,9780062316097,7
262,9781451696196,10
262,9780143039983,3
262,9781250012579,8
263,9780374533557,8
263,9781594634024,7
263,9780062457714,8
263,9780394758282,0
263,9780307454546,9
263,9780440414803,5
263,9780307352149,10
263,9780062094354,1
263,9780062407801,0
263,9780062693662,8
263,9781524763138,0
263,9780307474278,8
263,9780316017930,7
263,9780812981605,9
263,9781503278921,6
263,9780439023528,5
263,9780307588364,9
263,9780553380163,9
263,9780307341556,8
263,9780062073488,9
263,9780062316097,0
263,9780735211292,0
263,9780399590504,0
263,9780143113492,7
263,9781250301697,8
263,9780062259653,1
263,9780312924584,9
263,9780807014295,0
264,9780345337665,0
264,9780486282114,10
264,9780486411095,7
264,9780062259653,9
264,9781501156751,8
264,9780062094354,9
264,9780307743657,10
264,9780307743683,9
264,9780553293357,7
264,9780812550702,0
264,9780547928227,4
264,9781501142970,9
264,9780590353427,6
264,9780553103540,4
264,9780143039983,7
264,9780441478125,1
264,9780486266847,8
265,9780312674397,8
265,9780143039433,4
265,9781627792127,0
265,9780439023528,10
265,9780143039983,4
265,9781250012579,8
265,9780307454546,5
265,9780142410370,0
265,9780544336261,10
265,9780679879244,2
265,9781451696196,10
265,9780142410318,0
265,9780440414803,8
265,9780062024039,7
265,9780375869020,6
265,9780385737951,10
265,9780142437247,4
265,9780307887436,3
265,9780525478812,2
266,9780618640157,9
266,9780140280098,0
266,9780375826696,7
266,9780679879244,0
266,9780553103540,8
266,9780547928227,9
266,9780544336261,3
266,9780590353427,10
266,9780307474278,4
266,9780765326355,6
266,9780316769488,5
266,9780756404741,10
266,9780553380958,4
266,9780812548051,9
266,9780062259653,3
266,9780064404990,10
266,9780439023528,4
266,9780441569595,0
266,9780765311788,9
266,9780786838653,8
267,9780062073488,3
267,9780307454546,1
267,9780451524935,6
267,9780553293357,7
267,9780375826696,2
267,9780060850524,0
267,9780553283686,0
267,9780812550702,10
267,9780553418026,0
267,9780307887436,10
267,9780062316097,5
267,9780441569595,0
267,9780544336261,4
267,9780553380958,9
267,9780345391803,10
267,9780441478125,0
267,9780441172719,10
267,9780440414803,0
267,9780380729407,1
267,9780385737951,4
268,9780142410370,8
268,9780446605236,3
268,9780743273565,4
268,9780735211292,7
268,9781503278921,4
268,9781627792127,0
268,9780062024039,8
268,9781250012579,0
268,9780765326355,5
268,9780553380163,2
268,9780547928227,2
268,9780375869020,0
268,9780312674397,8
268,9780142410318,6
268,9780385737951,0
268,9780439023528,0
268,9781451696196,9
268,9780544336261,8
268,9780440414803,10
269,9780142410318,10
269,9780060883287,0
269,9780143035008,8
269,9780590353427,2
269,9781250012579,8
269,9780316769488,9
269,9781627792127,6
269,9780312674397,8
269,9780743273565,10
269,9781400079988,8
269,9780440180296,0
269,9780451524935,7
269,9781400033416,9
269,9780062693662,3
269,9780143039433,7
269,9780439023528,9
269,9780544336261,10
269,9780375869020,10
269,9780486415871,0
269,9780062316097,1
269,9780440414803,9
269,9780060935467,10
269,9780316015844,0
269,9780679732761,8
269,9780307454546,4
269,9781451696196,7
269,9780385737951,8
269,9780142437247,8
269,9780486282114,2
269,9780142410370,9
270,9780316017930,0
270,9780140280098,9
270,9780307472880,9
270,9780374533557,10
270,9780440180296,0
270,9780399590504,8
270,9780812981605,9
270,9781501110368,6
270,9780142437209,10
270,9780316015844,9
270,9780062407801,6
270,9780735211292,9
270,9780307352149,7
270,9780345391803,4
270,9780446605236,10
270,9780062316097,6
270,9780440212560,10
270,9780143124542,10
270,9780156029438,9
270,9780807014295,8
270,9780141439556,7
270,9780141439518,9
270,9781524763138,7
270,9780553380163,10
270,9780525478812,10
270,9780307588364,0
270,9780786838653,5
270,9780590353427,2
270,9780544336261,6
271,9781250012579,9
271,9781451696196,6
271,9780544336261,8
271,9780375869020,6
271,9780385737951,8
271,9780446605236,6
271,9781627792127,0
271,9780553380958,5
271,9780142410318,0
271,9780440414803,9
271,9780439023528,0
271,9780307341556,3
271,9780743273565,2
271,9780142410370,8
271,9780525478812,2
271,9780312674397,7
271,9780062024039,10
271,9780553380163,6
272,9780060850524,8
272,9780553380958,8
272,9781501110368,2
272,9780451524935,7
272,9780345391803,8
272,9780812981605,1
272,9780141439518,0
272,9780441569595,10
272,9780307454546,3
272,9780143035008,2
272,9780553293357,0
272,9780307887436,6
272,9780786838653,0
272,9780441478125,8
272,9780441172719,9
272,9780439023528,0
272,9780812550702,10
272,9780064404990,3
272,9780553418026,0
272,9780553283686,9
273,9780142410318,8
273,9780451524935,1
273,9780307588364,4
273,9780553418026,0
273,9780440414803,10
273,9780312674397,8
273,9781451696196,7
273,9780399590504,1
273,9780439023528,6
273,9780156029438,0
273,9781627792127,6
273,9781501110368,3
273,9780544336261,9
273,9780385737951,10
273,9780375869020,0
273,9780142410370,10
273,9781250012579,10
273,9780062024039,0
273,9780679879244,1
274,9780553293357,3
274,9780156029438,7
274,9780525478812,7
274,9780307472880,0
274,9780735211292,5
274,9780141439518,10
274,9780062316097,0
274,9781503278921,3
274,9780316015844,9
274,9781501110368,9
274,9780446605236,9
274,9780140280098,7
274,9780440212560,8
274,9780486282114,2
274,9780141439556,10
274,9780143124542,8
274,9780142437209,8
274,9780553380163,2
275,9780440414803,10
275,9780618640157,8
275,9780385737951,9
275,9780547928227,0
275,9780316015844,3
275,9780439023528,0
275,9780375869020,10
275,9780553103540,9
275,9780765326355,8
275,9781451696196,9
275,9780544336261,8
275,9781627792127,9
275,9781250012579,8
275,9780142437209,3
275,9780590353427,10
275,9780060850524,0
275,9780440180296,5
275,9780756404741,8
275,9780141439556,2
275,9780064404990,10
275,9780142410318,9
275,9780375826696,8
275,9780307588364,1
275,9780142410370,10
275,9780679879244,9
275,9780812548051,9
275,9780312674397,8
275,9780765311788,9
275,9780062259653,2
275,9780786838653,8
275,9780062024039,9
276,9780399590504,9
276,9780316017930,0
276,9780060935467,0
276,9780618640157,3
276,9780441172719,9
276,9780307352149,10
276,9780553103540,0
276,9780553380163,0
276,9780451524935,9
276,9781524763138,9
276,9780441478125,9
276,9780553293357,0
276,9780553283686,9
276,9780807014295,0
276,9780062457714,10
276,9780374533557,7
276,9780062316097,10
276,9780307887436,7
276,9780553380958,10
277,9780307588364,0
277,9780394758282,10
277,9780140280098,0
277,9780062693662,9
277,9780312924584,8
277,9781503278921,0
277,9780441569595,0
277,9780544336261,1
277,9780553380958,3
277,9780441172719,0
277,9780062073488,8
277,9780307454546,10
277,9781250301697,0
277,9780307341556,7
277,9780307474278,10
277,9781501142970,6
277,9780143113492,9
277,9781594634024,10
277,9780312674397,5
277,9780062407801,5
278,9780553283686,3
278,9780141439518,10
278,9780141439556,9
278,9780446605236,6
278,9781501110368,10
278,9780679879244,2
278,9780553103540,0
278,9780062316097,5
278,9780812550702,6
278,9780440180296,2
278,9780525478812,7
278,9780156029438,0
278,9780316015844,7
278,9780440212560,0
278,9780140280098,10
278,9780142437209,0
278,9781524763138,6
278,9780307472880,0
278,9780143124542,8
279,9781400079988,10
279,9780743273565,7
279,9780143035008,8
279,9780679732761,10
279,9780544336261,2
279,9780553380958,1
279,9780440180296,0
279,9781400033416,10
279,9780679879244,0
279,9780060883287,8
279,9780060935467,9
279,9780553283686,5
279,9780316769488,7
279,9781501110368,1
279,9780142437247,6
279,9780486415871,7
279,9780735211292,2
279,9780143039433,9
280,9780307743657,0
280,9781501156751,0
280,9780486266847,10
280,9780394758282,3
280,9780060935467,10
280,9780743273565,8
280,9780142437247,10
280,9780307743683,7
280,9780062259653,7
280,9780486282114,9
280,9780062094354,8
280,9780440212560,2
280,9780380729407,9
280,9780143035008,7
280,9780553418026,4
280,9780140280098,5
280,9780060883287,0
280,9780143039433,9
280,9780486411095,9
280,9780486415871,6
280,9780440180296,9
280,9780679732761,10
280,9780316769488,0
280,9780156029438,5
280,9780143039983,9
280,9780062407801,7
280,9781400079988,7
280,9780345337665,0
280,9781400033416,0
280,9781501142970,7
281,9780062693662,0
281,9781400079988,0
281,9780143039983,3
281,9780307474278,10
281,9780307743657,6
281,9780062073488,0
281,9781594634024,0
281,9780525478812,4
281,9781503278921,10
281,9781451696196,2
281,9781250301697,9
281,9780307341556,0
281,9780062407801,3
281,9780307588364,0
281,9780307454546,10
281,9780312924584,7
281,9780143113492,9
281,9780394758282,9
281,9780060883287,0
282,9780345391803,9
282,9780307341556,9
282,9780812550702,10
282,9780743273565,3
282,9780143113492,10
282,9780553380958,0
282,9780553283686,9
282,9780374533557,3
282,9780451524935,10
282,9780062316097,3
282,9780786838653,2
282,9780441569595,8
282,9780062693662,9
282,9780441478125,9
282,9780307887436,6
282,9780394758282,7
282,9780307474278,6
282,9780141439518,7
282,9781503278921,6
282,9780062094354,6
282,9780062073488,10
282,9781250301697,8
282,9781594634024,8
282,9780553418026,8
282,9780441172719,8
282,9780553293357,6
282,9780312924584,7
282,9780307454546,10
282,9780060850524,9
282,9780307588364,10
282,9780440414803,0
283,9780446605236,1
283,9780307352149,0
283,9781250301697,0
283,9780553380163,8
283,9780735211292,8
283,9780807014295,8
283,9780316017930,0
283,9780062259653,2
283,9780312674397,7
283,9780062316097,8
283,9780374533557,9
283,9780486415871,1
283,9781524763138,9
283,9780062407801,10
283,9780062457714,7
283,9780399590504,10
283,9780316015844,1
283,9780812981605,7
284,9780062094354,8
284,9780525478812,3
284,9780590353427,3
284,9780486266847,6
284,9780062259653,7
284,9780345337665,6
284,9780140280098,5
284,9781501142970,9
284,9780307887436,5
284,9780374533557,1
284,9780486415871,3
284,9780307743683,6
284,9780486411095,9
284,9780486282114,9
284,9780380729407,9
284,9781501156751,6
284,9780143039983,7
284,9780307454546,2
284,9780307743657,0
284,9780446605236,0
285,9780316015844,10
285,9781250301697,0
285,9780143124542,10
285,9780312924584,9
285,9781503278921,10
285,9780446605236,10
285,9780141439518,9
285,9780553283686,1
285,9780062693662,9
285,9780307341556,9
285,9780486415871,0
285,9780553380958,1
285,9780553418026,0
285,9780307588364,8
285,9780440212560,9
285,9780140280098,0
285,9780307454546,6
285,9780142437209,0
285,9780143113492,0
285,9780525478812,0
285,9780307472880,9
285,9780345337665,1
285,9780062073488,9
285,9781594634024,8
285,9780141439556,0
285,9780394758282,9
285,9780307474278,9
285,9780062457714,0
285,9780156029438,0
285,9781501110368,9
286,9780812550702,9
286,9780307341556,9
286,9780486266847,1
286,9780345391803,10
286,9780553418026,7
286,9780441172719,0
286,9780316017930,4
286,9781250301697,0
286,9780553283686,8
286,9781594634024,8
286,9780553380958,9
286,9780756404741,2
286,9780307588364,6
286,9780307474278,0
286,9780441569595,8
286,9780062073488,8
286,9780451524935,8
286,9780441478125,8
286,9780394758282,10
286,9780399590504,3
286,9780446605236,3
286,9780060850524,9
286,9780307887436,8
286,9780553293357,8
286,9780143113492,7
286,9781503278921,9
286,9780062693662,10
286,9780312924584,10
286,9780307454546,8
286,9780316015844,5
287,9780446605236,0
287,9780316015844,10
287,9781400033416,10
287,9780440212560,10
287,9780679732761,10
287,9780143124542,8
287,9780141439556,9
287,9780141439518,7
287,9780143039433,0
287,9780060935467,10
287,9780140280098,0
287,9780375826696,0
287,9781400079988,9
287,9780060883287,0
287,9780316017930,3
287,9780743273565,10
287,9780143035008,10
287,9780553283686,4
287,9780525478812,10
287,9780143113492,4
287,9780486415871,6
287,9780062457714,3
288,9780062024039,2
288,9780618640157,4
288,9781501156751,10
288,9780486282114,10
288,9780143039983,9
288,9781501142970,10
288,9780062259653,0
288,9780679732761,1
288,9780812548051,4
288,9780525478812,2
288,9780307743657,10
288,9780486411095,0
288,9780062094354,8
288,9780345337665,9
288,9780380729407,7
288,9780307352149,2
288,9780440212560,6
288,9780446605236,6
288,9780307743683,10
288,9780486266847,10
289,9780399590504,0
289,9780142437209,10
289,9780060883287,4
289,9781524763138,7
289,9780062407801,7
289,9780156029438,8
289,9780316015844,8
289,9780441172719,1
289,9780141439518,6
289,9781501110368,9
289,9780060935467,2
289,9780553380163,0
289,9780735211292,9
289,9780062316097,7
289,9780140280098,6
289,9780440212560,10
289,9780807014295,9
289,9780307887436,4
290,9780312924584,3
290,9781451696196,7
290,9780544336261,8
290,9780142410370,8
290,9780679879244,5
290,9780399590504,8
290,9780062316097,9
290,9780375869020,0
290,9780765311788,4
290,9781250012579,6
290,9780439023528,9
290,9780062457714,9
290,9780385737951,9
290,9780486282114,5
290,9780062407801,6
290,9780440414803,8
290,9780440180296,5
290,9780312674397,10
290,9781524763138,9
290,9780316017930,8
290,9780374533557,0
290,9780307352149,10
290,9780812981605,0
290,9780553380163,10
290,9780807014295,8
290,9780062024039,0
290,9781627792127,10
290,9780142410318,7
290,9780735211292,9
290,9780553380958,3
291,9780375869020,0
291,9780446605236,1
291,9780064404990,0
291,9781501142970,4
291,9780756404741,7
291,9780679879244,9
291,9780618640157,10
291,9780735211292,4
291,9780553103540,10
291,9780765326355,9
291,9780590353427,10
291,9780375826696,10
291,9780143113492,4
291,9780786838653,9
291,9780765311788,10
292,9780062407801,4
292,9780441172719,1
292,9780345337665,9
292,9781501156751,8
292,9780307743683,6
292,9780307341556,0
292,9780062094354,9
292,9780486282114,6
292,9780765326355,0
292,9780440212560,4
292,9780486266847,0
292,9780062259653,8
292,9780486411095,7
292,9780812981605,0
292,9780307454546,6
292,9781501142970,6
292,9780143039983,0
292,9780307743657,9
292,9780441569595,4
292,9780380729407,10
293,9780316769488,9
293,9780380729407,10
293,9780743273565,0
293,9780143124542,2
293,9780062259653,9
293,9780440180296,10
293,9780486266847,8
293,9780143039983,0
293,9780307743683,0
293,9780143039433,10
293,9780679732761,0
293,9781400033416,9
293,9780446605236,0
293,9780486411095,8
293,9780143035008,0
293,9780345337665,0
293,9780060883287,0
293,9780486415871,8
293,9781501156751,9
293,9780307743657,0
293,9780143113492,2
293,9780062094354,0
293,9780765326355,4
293,9780142437247,8
293,9781501142970,9
293,9780486282114,9
293,9780375869020,6
293,9781400079988,7
293,9780060935467,0
293,9780544336261,3
294,9780786838653,9
294,9780756404741,0
294,9780307474278,2
294,9780547928227,9
294,9780618640157,10
294,9780590353427,0
294,9780812548051,0
294,9780064404990,9
294,9780553418026,7
294,9780765311788,8
294,9780143035008,4
294,9780553103540,9
294,9780679879244,0
294,9780553380163,4
294,9780062094354,0
294,9780060883287,7
294,9780307743683,0
294,9780375826696,9
294,9781627792127,5
294,9780765326355,10
295,9780062407801,10
295,9780486415871,6
295,9780143039433,8
295,9780399590504,9
295,9780142437247,9
295,9780553380163,7
295,9780807014295,9
295,9780143035008,9
295,9780316769488,10
295,9780440180296,8
295,9780316017930,10
295,9780743273565,7
295,9780375826696,4
295,9780062457714,9
295,9780374533557,9
295,9780062073488,2
295,9780679732761,9
295,9780060935467,0
295,9780553283686,3
295,9780525478812,3
295,9781400033416,10
295,9781524763138,6
295,9780735211292,10
295,9780486411095,5
295,9780812981605,0
295,9781400079988,0
295,9780307352149,0
295,9780060883287,10
295,9780441172719,0
295,9780062316097,10
296,9780440212560,10
296,9780307588364,4
296,9780525478812,9
296,9780553293357,0
296,9780735211292,0
296,9780451524935,8
296,9780142437209,0
296,9780553418026,8
296,9780446605236,9
296,9780143035008,5
296,9781501110368,0
296,9780441478125,9
296,9780812550702,0
296,9780156029438,8
296,9780141439556,9
296,9780441172719,9
296,9780141439518,0
296,9780553380958,6
296,9780060850524,9
296,9780062259653,7
296,9780143124542,10
296,9780441569595,9
296,9780307887436,8
296,9780553283686,9
296,9780307472880,10
296,9780140280098,8
296,9780345391803,0
296,9780142410318,3
296,9780316015844,7
297,9780062457714,5
297,9781627792127,10
297,9781451696196,10
297,9780316015844,10
297,9780525478812,8
297,9780142437209,10
297,9780307472880,8
297,9780375869020,0
297,9780385737951,9
297,9781501110368,9
297,9780062024039,10
297,9780440212560,7
297,9780142410318,9
297,9780312674397,9
297,9780544336261,9
297,9780142410370,10
297,9780486415871,7
297,9780156029438,10
297,9780141439556,0
297,9780618640157,0
297,9780307743657,2
297,9780143124542,8
297,9780440414803,9
297,9780140280098,9
297,9780446605236,10
297,9780062693662,0
297,9780451524935,1
297,9781250012579,9
297,9780439023528,6
297,9780141439518,8
298,9780679732761,7
298,9780440180296,8
298,9780062407801,0
298,9780062024039,3
298,9780060883287,10
298,9780143039433,10
298,9781250012579,4
298,9780486415871,8
298,9780060935467,0
298,9780807014295,6
298,9780316769488,0
298,9781400033416,8
298,9780312674397,0
298,9780142437247,7
298,9780143035008,10
298,9780812548051,1
298,9780553380163,4
298,9780143124542,5
298,9781400079988,10
298,9780743273565,9
299,9781501110368,0
299,9780143035008,5
299,9780141439556,7
299,9780446605236,8
299,9780143124542,7
299,9780142437209,0
299,9780441172719,3
299,9781501156751,4
299,9780062457714,5
299,9780440212560,8
299,9780156029438,0
299,9780143113492,1
299,9780399590504,1
299,9780062407801,4
299,9780316015844,6
299,9780062259653,1
299,9780307472880,7
299,9780141439518,8
299,9780525478812,8
299,9780140280098,8
300,9780307743683,9
300,9780380729407,10
300,9780345337665,8
300,9780553283686,4
300,9781501156751,6
300,9780486266847,10
300,9781400079988,8
300,9780143113492,1
300,9780307743657,10
300,9781501142970,0
300,9780062259653,9
300,9780440180296,9
300,9780743273565,9
300,9780486415871,0
300,9780143039433,8
300,9780060935467,0
300,9780486282114,8
300,9781524763138,3
301,9780446605236,10
301,9780141439556,10
301,9780142437209,7
301,9780307472880,0
301,9780440180296,4
301,9780062693662,0
301,9780440212560,0
301,9780756404741,2
301,9780141439518,7
301,9780307341556,2
301,9780525478812,7
301,9780307352149,2
301,9780156029438,10
301,9780140280098,0
301,9780143124542,0
301,9781501110368,0
301,9780316015844,9
302,9780307474278,9
302,9781250301697,10
302,9780062407801,2
302,9780307588364,6
302,9780307454546,9
302,9780062073488,8
302,9780441172719,5
302,9780143113492,9
302,9780553293357,2
302,9781503278921,10
302,9780553103540,2
302,9780307743657,0
302,9780062693662,7
302,9780486282114,9
302,9780062094354,0
303,9780735211292,10
303,9780143039983,10
303,9780345337665,0
303,9780141439556,2
303,9780486411095,0
303,9780374533557,9
303,9781501142970,6
303,9780062316097,10
303,9780307352149,9
303,9780307743683,10
303,9780486266847,9
303,9780062094354,9
303,9780486282114,9
303,9780307472880,1
303,9780375826696,0
303,9780553380163,7
303,9780380729407,7
303,9780812548051,0
303,9780062407801,6
304,9780786838653,1
304,9780553380958,8
304,9780441478125,9
304,9780060850524,9
304,9780345391803,9
304,9780553283686,7
304,9780553418026,9
304,9780307887436,7
304,9780765311788,3
304,9780441172719,7
304,9780142437247,5
304,9780812550702,9
304,9780441569595,6
304,9780375869020,2
304,9780553293357,0
304,9780451524935,10
304,9781250012579,2
304,9780440180296,1
304,9780812548051,0
304,9780062094354,6
305,9780062407801,10
305,9780060850524,1
305,9780374533557,8
305,9780553380163,9
305,9780399590504,10
305,9781524763138,8
305,9780812548051,5
305,9780316017930,6
305,9780553283686,3
305,9780553418026,4
305,9780807014295,8
305,9780062316097,10
305,9780812981605,7
305,9780735211292,10
305,9780345337665,7
305,9780062457714,0
305,9780307352149,9
305,9780141439556,0
305,9780141439518,2
305,9780618640157,0
306,9780307588364,9
306,9780380729407,5
306,9780307474278,9
306,9780062693662,9
306,9780399590504,4
306,9780807014295,1
306,9780307341556,10
306,9780307454546,0
306,9780062073488,0
306,9780394758282,10
306,9781503278921,10
306,9780547928227,5
306,9781250301697,9
306,9780143113492,0
306,9780385737951,7
306,9780316769488,3
306,9781594634024,10
306,9780312924584,10
306,9780345337665,2
307,9780553293357,0
307,9780553103540,8
307,9781627792127,4
307,9780307352149,0
307,9780547928227,10
307,9780441478125,10
307,9780765311788,8
307,9780765326355,10
307,9780812550702,9
307,9780345391803,6
307,9780316769488,5
307,9780064404990,10
307,9780618640157,10
307,9780451524935,10
307,9780375826696,8
307,9780143039433,7
307,9780756404741,10
307,9781501142970,3
307,9780307887436,7
307,9780679879244,10
307,9780553380958,9
307,9780553418026,0
307,9780590353427,10
307,9780441569595,9
307,9780441172719,10
307,9780553283686,7
307,9780786838653,10
307,9780812548051,10
307,9780060850524,10
308,9780143039983,10
308,9780062259653,9
308,9780316017930,5
308,9780345337665,9
308,9780486411095,9
308,9780486266847,10
308,9780062094354,7
308,9781501142970,10
308,9781503278921,5
308,9780312924584,1
308,9780141439556,0
308,9780486282114,10
308,9780380729407,9
308,9780394758282,1
308,9780441569595,1
308,9781501156751,8
308,9780307743657,7
308,9780307743683,6
309,9780142437247,10
309,9780143035008,0
309,9781400079988,8
309,9780062073488,8
309,9780486415871,8
309,9780446605236,4
309,9780307743657,1
309,9781250301697,9
309,9780060935467,0
309,9780743273565,10
309,9780307341556,0
309,9780062693662,8
309,9780440180296,8
309,9780316769488,9
309,9780307454546,0
309,9780312924584,6
309,9781451696196,4
309,9780679732761,8
309,9780143113492,0
309,9780143039433,6
309,9780394758282,7
309,9780307588364,10
309,9780525478812,1
309,9781594634024,8
309,9780060883287,8
309,9781503278921,9
309,9781400033416,9
309,9780441172719,3
309,9780735211292,3
309,9780307474278,10
310,9780140280098,3
310,9780486411095,9
310,9780062259653,8
310,9780590353427,4
310,9781501156751,8
310,9780307743683,7
310,9780307743657,9
310,9780486282114,9
310,9781400033416,3
310,9780143039983,8
310,9780062094354,8
310,9780380729407,7
310,9780486266847,10
310,9780062407801,2
310,9781501142970,8
310,9780679879244,1
310,9780141439556,1
310,9780345337665,9
311,9781250012579,8
311,9780062693662,4
311,9780735211292,4
311,9780440180296,9
311,9780307472880,3
311,9780316769488,9
311,9780062024039,7
311,9780312674397,10
311,9780375869020,0
311,9780062073488,5
311,9780743273565,7
311,9780679732761,9
311,9781400033416,0
311,9781451696196,0
311,9781627792127,10
311,9780142410318,10
311,9781400079988,10
311,9780143039433,0
311,9780143035008,10
311,9780385737951,10
311,9780060935467,0
311,9780439023528,9
311,9780486415871,10
311,9780142437247,8
311,9780142410370,8
311,9780440414803,10
311,9780544336261,10
311,9780812981605,2
311,9780060883287,10
312,9780446605236,10
312,9780307472880,8
312,9781400033416,7
312,9780143035008,10
312,9780316769488,8
312,9781400079988,10
312,9780440212560,10
312,9780316015844,7
312,9780060935467,8
312,9780486415871,7
312,9780142437209,10
312,9780141439556,0
312,9780060883287,8
312,9780140280098,10
312,9781501110368,8
312,9780441478125,4
312,9780525478812,8
312,9780440180296,10
312,9780374533557,2
312,9780679732761,9
312,9780143124542,8
312,9780156029438,6
312,9780141439518,9
312,9780143039433,10
312,9780307743683,3
312,9780312924584,5
312,9780756404741,5
312,9780743273565,7
312,9780142437247,0
313,9780441478125,10
313,9780062316097,9
313,9780062457714,8
313,9780553283686,10
313,9780062693662,2
313,9780735211292,8
313,9780679879244,3
313,9780812550702,9
313,9780307887436,9
313,9780553293357,8
313,9780446605236,1
313,9780553380163,8
313,9781524763138,9
313,9780060850524,6
313,9780316017930,6
313,9780441569595,9
313,9780374533557,8
313,9780307474278,1
313,9780345391803,0
313,9780062407801,9
313,9780553418026,10
313,9780812981605,0
314,9780141439556,10
314,9781503278921,0
314,9780316015844,10
314,9781524763138,6
314,9780142410318,1
314,9780143113492,2
314,9781501110368,0
314,9780446605236,10
314,9780307472880,0
314,9780156029438,10
314,9780440212560,10
314,9780142437209,9
314,9780756404741,0
314,9780140280098,9
314,9780307454546,5
314,9780143124542,10
314,9780486415871,0
314,9780525478812,0
314,9780553293357,3
314,9780141439518,9
315,9780062316097,1
315,9780062094354,10
315,9780143039983,10
315,9780307743683,8
315,9780439023528,10
315,9781627792127,9
315,9780380729407,7
315,9780062259653,0
315,9780060850524,0
315,9781501156751,9
315,9781501142970,8
315,9780486282114,10
315,9780486411095,9
315,9780486266847,0
315,9780142410370,10
315,9780451524935,2
315,9780385737951,8
315,9780060935467,0
315,9780544336261,9
315,9780440414803,6
315,9780375869020,10
315,9780345337665,10
315,9780062024039,9
315,9780312674397,8
315,9780375826696,0
315,9780307743657,10
315,9780679879244,3
315,9780441569595,6
315,9780142410318,8
315,9781451696196,10
315,9781250012579,7
315,9780553103540,1
316,9780062457714,9
316,9780062407801,8
316,9780316017930,10
316,9780399590504,8
316,9780307352149,9
316,9780143124542,2
316,9781524763138,9
316,9780735211292,10
316,9780553380163,9
316,9781250012579,1
316,9780812981605,0
316,9780374533557,9
316,9780590353427,5
316,9780807014295,7
316,9780062316097,10
316,9780316015844,1
316,9780062693662,6
317,9780679879244,6
317,9780553380163,0
317,9780812548051,7
317,9780765311788,8
317,9780547928227,9
317,9780062094354,1
317,9780064404990,0
317,9780486282114,5
317,9780553103540,9
317,9780345391803,2
317,9780375826696,10
317,9780553293357,2
317,9780765326355,8
317,9780590353427,7
317,9780786838653,10
317,9780141439556,1
317,9780380729407,4
317,9780618640157,8
317,9780756404741,9
318,9780399590504,6
318,9780380729407,1
318,9780060883287,8
318,9780679732761,7
318,9780316769488,10
318,9780553103540,2
318,9780812550702,0
318,9780142437247,9
318,9780062073488,5
318,9780060935467,10
318,9780316017930,0
318,9780143035008,7
318,9781400079988,9
318,9780486282114,4
318,9780486415871,10
318,9780374533557,3
318,9780743273565,7
318,9781400033416,0
318,9780440180296,9
318,9780143039433,8
319,9780743273565,7
319,9781400079988,7
319,9780142437247,0
319,9780060883287,10
319,9780143035008,8
319,9780486415871,8
319,9780156029438,7
319,9780062259653,0
319,9780679732761,8
319,9780553293357,0
319,9780060935467,10
319,9780307341556,3
319,9780553283686,2
319,9781400033416,0
319,9780375869020,2
319,9780345391803,3
319,9780316769488,0
319,9780143039433,9
319,9780440180296,9
320,9780062407801,4
320,9781501142970,6
320,9780060850524,5
320,9780062094354,10
320,9780062073488,5
320,9780307743683,10
320,9780486282114,10
320,9780062316097,2
320,9780380729407,10
320,9780143039983,10
320,9780486411095,10
320,9781501156751,9
320,9780544336261,3
320,9780062259653,10
320,9780553380958,2
320,9780486266847,0
320,9780307341556,4
320,9780307743657,0
320,9780345337665,9
321,9780307743657,8
321,9780156029438,3
321,9780062094354,9
321,9780486266847,10
321,9780380729407,10
321,9780440212560,3
321,9780316015844,2
321,9780486411095,9
321,9780307743683,8
321,9780062259653,8
321,9780441569595,2
321,9780062024039,0
321,9780307887436,2
321,9780486282114,8
321,9781501156751,10
321,9780345337665,9
321,9780143039983,10
321,9781501142970,9
322,9780486415871,1
322,9780060850524,9
322,9780679879244,1
322,9780385737951,3
322,9780553380958,10
322,9780307887436,0
322,9780441172719,9
322,9780553293357,10
322,9780553418026,6
322,9780312674397,0
322,9780812550702,10
322,9780553283686,0
322,9780345391803,9
322,9780451524935,7
322,9780312924584,1
322,9780441478125,10
322,9780441569595,8
323,9780156029438,10
323,9780141439556,9
323,9781501110368,6
323,9780440212560,9
323,9781501142970,10
323,9780062259653,9
323,9780143035008,0
323,9781400033416,0
323,9780345337665,10
323,9780486411095,10
323,9780486282114,9
323,9781501156751,0
323,9780143124542,7
323,9780307743683,10
323,9781627792127,5
323,9780735211292,1
323,9780547928227,5
323,9780446605236,7
323,9780486266847,8
323,9780143039983,10
323,9780380729407,10
323,9780525478812,8
323,9780141439518,0
323,9780142437209,8
323,9780140280098,7
323,9780307743657,8
323,9780316015844,8
323,9780307472880,8
323,9780062094354,8
324,9781501156751,2
324,9780399590504,3
324,9780394758282,8
324,9780374533557,2
324,9781594634024,8
324,9780307341556,8
324,9780375869020,3
324,9780307474278,0
324,9780439023528,0
324,9780307454546,10
324,9780062693662,10
324,9780062073488,10
324,9781503278921,10
324,9780312924584,9
324,9780375826696,0
324,9780143113492,10
324,9780735211292,1
324,9780307588364,0
324,9781250301697,10
325,9780385737951,8
325,9780375869020,0
325,9780544336261,8
325,9780060883287,1
325,9780064404990,8
325,9780547928227,8
325,9780062024039,8
325,9780812550702,7
325,9780062094354,2
325,9780812548051,8
325,9781627792127,9
325,9780590353427,8
325,9780141439518,1
325,9780062407801,2
325,9780765326355,10
325,9780756404741,9
325,9781250012579,8
326,9780307454546,10
326,9780062693662,10
326,9780316769488,7
326,9780062073488,9
326,9780394758282,10
326,9780141439518,2
326,9780486411095,4
326,9780307588364,10
326,9781594634024,8
326,9780142410370,2
326,9780143113492,6
326,9780440212560,1
326,9780307341556,7
326,9781503278921,0
326,9781250301697,10
326,9780765311788,1
326,9780312924584,0
326,9780142437247,7
326,9780441569595,5
326,9780307474278,6
327,9780553380958,1
327,9780307887436,2
327,9780440212560,0
327,9780765311788,10
327,9780064404990,10
327,9780316015844,7
327,9780316769488,4
327,9780553103540,8
327,9780141439518,8
327,9780765326355,9
327,9780140280098,10
327,9780142437209,10
327,9781627792127,3
327,9780141439556,10
327,9780446605236,8
327,9780525478812,7
327,9780143124542,10
327,9780618640157,9
327,9780156029438,10
327,9780375826696,8
327,9780307472880,10
327,9781501110368,7
327,9780590353427,9
327,9780812548051,8
327,9780385737951,4
327,9780440180296,4
327,9780756404741,10
327,9780786838653,10
327,9780547928227,0
327,9780679879244,10
328,9780765311788,7
328,9780590353427,10
328,9780307887436,9
328,9780812550702,10
328,9780618640157,0
328,9780812548051,9
328,9780679879244,6
328,9780553418026,6
328,9780064404990,9
328,9780345391803,10
328,9780441478125,10
328,9780060850524,9
328,9780743273565,3
328,9781501142970,5
328,9780486282114,2
328,9780756404741,7
328,9780375826696,8
328,9780441172719,7
328,9780307588364,7
328,9780765326355,7
328,9780553283686,9
328,9780062457714,1
328,9780451524935,0
328,9780553293357,10
328,9780553103540,9
328,9780547928227,10
328,9780307352149,0
328,9780553380958,9
328,9780441569595,10
328,9780786838653,9
329,9780451524935,10
329,9780812981605,5
329,9780060850524,10
329,9780441478125,9
329,9780439023528,3
329,9780812550702,0
329,9780553418026,0
329,9780441569595,10
329,9780307887436,10
329,9780553293357,10
329,9780553380958,9
329,9780345391803,10
329,9780142437247,4
329,9780316017930,1
329,9780062693662,7
329,9780553283686,9
329,9780735211292,1
329,9780441172719,0
330,9780142410318,2
330,9780446605236,9
330,9780553418026,10
330,9780807014295,1
330,9780307887436,9
330,9780060850524,8
330,9780441478125,0
330,9780553380958,10
330,9780553283686,8
330,9780451524935,8
330,9780143124542,0
330,9780316015844,7
330,9780525478812,0
330,9780441569595,7
330,9780375869020,2
330,9780316769488,0
330,9780140280098,9
330,9780307472880,10
330,9780440414803,1
330,9780440212560,10
330,9780618640157,3
330,9780441172719,9
330,9780345391803,10
330,9780141439556,8
330,9781501110368,10
330,9780553293357,8
330,9780812550702,0
330,9780141439518,10
330,9780062259653,0
330,9780307588364,0
330,9780156029438,9
330,9780142437209,9
331,9780441478125,9
331,9780140280098,2
331,9780544336261,3
331,9780553380163,5
331,9780375869020,2
331,9780553283686,9
331,9781501110368,7
331,9780553380958,10
331,9780345391803,8
331,9780553418026,6
331,9780375826696,6
331,9780553293357,10
331,9780441569595,9
331,9780441172719,8
331,9780451524935,10
331,9780060850524,6
331,9780142437209,5
331,9780062094354,2
331,9780812550702,10
331,9780307887436,9
332,9780380729407,10
332,9780307743683,9
332,9780375826696,2
332,9780547928227,3
332,9780307743657,9
332,9780345337665,8
332,9780062259653,9
332,9780486411095,10
332,9780451524935,3
332,9780735211292,1
332,9780060935467,3
332,9780618640157,0
332,9781501156751,9
332,9780486266847,9
332,9780062094354,9
332,9781501142970,8
332,9780486282114,10
332,9780143039983,0
332,9780142410318,3
333,9780345337665,6
333,9780062094354,10
333,9780142437209,0
333,9780143124542,10
333,9780141439556,10
333,9780486266847,10
333,9780553418026,0
333,9780140280098,9
333,9781501142970,9
333,9780812548051,2
333,9781524763138,0
333,9781501110368,7
333,9780307474278,3
333,9780307743683,6
333,9781501156751,10
333,9780399590504,6
333,9780143039433,2
333,9780143039983,10
333,9780307743657,7
333,9780525478812,10
333,9780446605236,10
333,9780486282114,8
333,9780062259653,10
333,9780380729407,6
333,9780486411095,9
333,9780141439518,8
334,9780786838653,6
334,9780060850524,5
334,9780765311788,3
334,9780679732761,9
334,9780486415871,10
334,9780375869020,2
334,9780743273565,7
334,9780142437247,10
334,9780143035008,10
334,9780060883287,10
334,9781400033416,9
334,9780316769488,8
334,9780441478125,2
334,9780307887436,3
334,9780440180296,9
334,9780143039433,0
334,9781400079988,0
334,9780060935467,0
334,9780735211292,2
335,9780525478812,0
335,9780446605236,9
335,9780807014295,0
335,9780316015844,0
335,9780140280098,10
335,9780142437209,8
335,9780156029438,6
335,9780141439556,8
335,9780141439518,10
335,9781594634024,5
335,9781501110368,10
335,9780143124542,9
335,9780553103540,7
335,9780374533557,0
335,9780385737951,3
335,9780312924584,4
335,9780440212560,0
335,9780399590504,0
335,9781400079988,0
335,9780307472880,9
336,9780062316097,0
336,9780440212560,0
336,9780142410370,0
336,9780307472880,9
336,9780525478812,7
336,9780141439556,7
336,9780142437209,10
336,9780441569595,3
336,9780143039983,5
336,9780140280098,9
336,9780141439518,7
336,9780143124542,10
336,9780156029438,10
336,9780553293357,1
336,9781250012579,5
336,9780316015844,7
336,9780446605236,10
336,9781594634024,3
336,9781501110368,9
337,9780394758282,3
337,9780486266847,9
337,9780374533557,8
337,9780062094354,0
337,9780380729407,10
337,9780316017930,8
337,9780062259653,10
337,9780807014295,0
337,9780307352149,10
337,9780345337665,0
337,9780451524935,2
337,9780307743683,6
337,9780062407801,8
337,9780399590504,9
337,9780062316097,0
337,9780812981605,0
337,9780345391803,0
337,9780307743657,9
337,9781501156751,8
337,9780141439518,3
337,9780062457714,7
337,9781524763138,10
337,9780553380163,7
337,9780375869020,3
337,9780486411095,8
337,9781501142970,8
337,9780060883287,1
337,9780735211292,10
337,9780307588364,1
337,9780143039983,0
337,9780486282114,9
338,9780142437209,2
338,9780553418026,3
338,9780394758282,5
338,9781400033416,10
338,9780547928227,10
338,9780375826696,9
338,9780060883287,10
338,9780679732761,8
338,9780312924584,5
338,9780590353427,10
338,9780765311788,8
338,9780060935467,8
338,9781400079988,6
338,9780440180296,9
338,9780143039433,0
338,9780618640157,0
338,9780143035008,6
338,9780765326355,9
338,9780142437247,0
339,9780060935467,8
339,9780307743657,9
339,9780486411095,10
339,9780143035008,9
339,9781501142970,8
339,9781400033416,8
339,9780307743683,9
339,9780486266847,8
339,9780553293357,2
339,9780345337665,9
339,9780143039983,8
339,9780679732761,8
339,9780440180296,10
339,9780743273565,10
339,9780062094354,6
339,9780375826696,2
339,9780316769488,9
339,9780807014295,0
339,9780451524935,1
339,9780142437247,8
339,9780486415871,0
339,9780141439518,2
339,9780307472880,3
339,9780380729407,0
339,9781400079988,8
339,9780143039433,6
339,9780060883287,10
339,9780142410370,4
339,9780062259653,7
339,9780486282114,10
339,9781501156751,8
340,9780143113492,10
340,9780307341556,0
340,9781400079988,5
340,9780307454546,9
340,9780062073488,0
340,9780062316097,3
340,9780062693662,10
340,9780312924584,7
340,9780553380163,2
340,9780394758282,9
340,9780307474278,7
340,9781503278921,10
340,9781594634024,9
340,9780399590504,4
340,9780743273565,1
340,9780307588364,6
340,9781250301697,7
340,9780679879244,0
341,9780143124542,3
341,9780812981605,0
341,9780486411095,0
341,9780060883287,7
341,9780143035008,9
341,9780743273565,9
341,9781400033416,8
341,9780140280098,2
341,9780142437247,0
341,9780143039433,9
341,9780679732761,0
341,9780060935467,9
341,9780375869020,2
341,9780486415871,10
341,9781400079988,10
341,9780440180296,0
341,9781524763138,1
341,9780307743657,2
341,9780316769488,9
342,9780143113492,0
342,9780618640157,9
342,9780141439556,5
342,9780786838653,10
342,9780380729407,9
342,9780486411095,8
342,9780486266847,9
342,9780064404990,8
342,9780307743683,9
342,9780307887436,2
342,9780756404741,9
342,9780062259653,10
342,9780765311788,9
342,9780375826696,0
342,9780679732761,2
342,9781501156751,0
342,9780553103540,10
342,9780062094354,8
342,9780345337665,10
342,9781503278921,0
342,9780765326355,0
342,9780590353427,9
342,9780486282114,7
342,9780307743657,7
343,9780064404990,1
343,9780307341556,7
343,9781503278921,10
343,9780307588364,6
343,9780394758282,0
343,9780062094354,3
343,9780312924584,0
343,9781250301697,10
343,9780062073488,9
343,9780060850524,2
343,9780307454546,9
343,9781594634024,9
343,9780441478125,2
343,9780060935467,0
343,9780062407801,2
343,9780307474278,8
343,9780735211292,5
343,9780062693662,0
343,9780143113492,0
344,9781400079988,5
344,9780062073488,6
344,9780394758282,8
344,9780143124542,0
344,9780446605236,2
344,9780307474278,10
344,9780062693662,10
344,9780307588364,7
344,9780441172719,0
344,9781594634024,9
344,9780307341556,0
344,9780451524935,6
344,9780143113492,7
344,9781503278921,10
344,9780374533557,0
344,9780312924584,0
344,9781250301697,6
344,9780307454546,7
345,9780142410370,1
345,9780316769488,10
345,9780143035008,7
345,9780064404990,2
345,9780143039433,0
345,9780486415871,8
345,9780441172719,0
345,9780060883287,7
345,9780440180296,10
345,9780743273565,8
345,9780307887436,1
345,9781400079988,7
345,9780142437247,10
345,9780307588364,2
345,9780679732761,0
345,9780060935467,10
345,9781400033416,0
346,9780812548051,7
346,9781400033416,5
346,9780765311788,8
346,9780756404741,8
346,9780486282114,0
346,9780375826696,7
346,9780590353427,9
346,9780380729407,1
346,9780553103540,6
346,9780064404990,6
346,9780307341556,5
346,9780547928227,10
346,9780786838653,8
346,9780743273565,3
346,9780679879244,6
346,9780765326355,0
346,9780618640157,8
346,9780307588364,2
346,9781451696196,7
347,9781501110368,10
347,9780525478812,7
347,9780143124542,9
347,9780141439518,6
347,9780307743657,2
347,9780156029438,10
347,9780060935467,7
347,9780140280098,9
347,9780440212560,10
347,9780765326355,1
347,9780316015844,7
347,9781250301697,4
347,9781250012579,2
347,9780547928227,1
347,9780141439556,6
347,9780142437209,6
347,9780446605236,8
347,9781627792127,3
347,9780307472880,9
348,9780307743683,10
348,9780486282114,9
348,9780345337665,0
348,9780312674397,1
348,9780143039983,0
348,9780156029438,3
348,9780553418026,0
348,9780316015844,0
348,9781250012579,1
348,9780307588364,0
348,9781501142970,7
348,9780380729407,8
348,9780486411095,9
348,9781501156751,8
348,9780553380163,3
348,9780062259653,10
348,9780062094354,10
348,9780486266847,7
348,9780307743657,7
349,9780440180296,10
349,9781524763138,4
349,9781400033416,9
349,9780064404990,3
349,9780143039433,0
349,9780143039983,7
349,9780142437209,8
349,9780679732761,7
349,9780060935467,10
349,9780786838653,7
349,9780316015844,8
349,9780141439518,7
349,9780307472880,10
349,9780743273565,7
349,9780060883287,7
349,9780143124542,0
349,9780141439556,0
349,9780486415871,9
349,9780553103540,7
349,9780140280098,8
349,9780156029438,8
349,9780142437247,10
349,9780446605236,7
349,9780440212560,10
349,9780316769488,8
349,9780439023528,0
349,9781400079988,9
349,9780143035008,9
349,9781501110368,10
349,9780765311788,0
349,9780525478812,8
350,9780547928227,0
350,9780142410318,9
350,9780142437247,0
350,9780618640157,9
350,9780439023528,10
350,9780441478125,4
350,9780786838653,10
350,9781501110368,4
350,9780062024039,9
350,9780679879244,0
350,9780064404990,8
350,9781594634024,0
350,9780312674397,9
350,9780812548051,10
350,9781451696196,10
350,9781524763138,7
350,9780440414803,10
350,9781627792127,10
350,9781250012579,0
350,9780756404741,0
350,9780765326355,10
350,9780385737951,7
350,9780590353427,0
350,9780765311788,10
350,9780743273565,7
350,9780375826696,7
350,9780812981605,4
350,9780553103540,10
350,9780375869020,7
350,9780142410370,10
350,9780544336261,9
351,9780062259653,5
351,9780143124542,10
351,9780446605236,7
351,9780141439556,9
351,9780735211292,8
351,9780374533557,8
351,9780316017930,10
351,9780807014295,9
351,9780486411095,3
351,9780141439518,10
351,9780140280098,7
351,9780062316097,8
351,9780440212560,0
351,9780316015844,9
351,9780307352149,8
351,9780812981605,7
351,9780060850524,4
351,9780525478812,9
351,9780553380163,10
351,9781501110368,10
351,9780156029438,9
351,9780062407801,9
351,9781524763138,8
351,9780307341556,0
351,9780399590504,10
351,9780307472880,8
351,9780062024039,1
351,9780062457714,10
352,9780140280098,8
352,9780446605236,9
352,9780062259653,1
352,9780525478812,8
352,9780142437209,0
352,9780316015844,0
352,9780064404990,7
352,9781250301697,3
352,9780440212560,9
352,9780374533557,0
352,9780143124542,10
352,9781501110368,9
352,9780141439518,0
352,9780141439556,9
352,9780307472880,7
352,9780618640157,5
352,9780156029438,8
352,9780807014295,1
353,9780062073488,9
353,9781400079988,0
353,9780060883287,10
353,9780307341556,0
353,9780142410318,1
353,9780307474278,9
353,9780807014295,4
353,9780394758282,7
353,9780307454546,8
353,9780743273565,10
353,9780143035008,0
353,9780312674397,6
353,9780060935467,0
353,9780307588364,0
353,9781594634024,9
353,9781501142970,1
353,9780156029438,1
353,9780553380958,1
353,9781250301697,10
353,9780143039433,0
353,9780440180296,6
353,9780062693662,9
353,9780375869020,0
353,9780316769488,10
353,9780486415871,10
353,9780142437247,7
353,9781503278921,10
353,9781400033416,10
353,9780679732761,7
353,9780312924584,6
353,9780062024039,6
353,9780143113492,8
354,9780374533557,9
354,9780316017930,9
354,9780062407801,8
354,9780375869020,0
354,9780451524935,0
354,9780735211292,9
354,9780062457714,9
354,9780140280098,4
354,9780060850524,0
354,9780062316097,7
354,9780060935467,1
354,9780486282114,7
354,9780399590504,7
354,9781501142970,10
354,9780486411095,8
354,9780380729407,7
354,9780062259653,9
354,9780307743683,8
354,9780143039983,6
354,9780812981605,10
354,9780062094354,9
354,9780807014295,10
354,9780486266847,9
354,9780307352149,0
354,9781501156751,0
354,9780307743657,0
354,9780553103540,1
354,9780345337665,9
354,9781524763138,7
354,9780307341556,3
354,9780553380163,9
355,9780380729407,7
355,9780374533557,5
355,9780553380163,3
355,9780486282114,9
355,9780590353427,1
355,9781501142970,10
355,9780307474278,5
355,9780486411095,10
355,9781501156751,9
355,9780486415871,3
355,9780062094354,10
355,9780062259653,7
355,9780399590504,3
355,9780307743683,10
355,9780307743657,9
355,9780345337665,6
355,9780156029438,6
355,9780143039983,10
355,9780486266847,10
356,9780486411095,9
356,9780307743683,9
356,9780312924584,5
356,9780062259653,0
356,9780062094354,0
356,9780307743657,8
356,9780307352149,1
356,9780316015844,5
356,9780439023528,4
356,9780380729407,10
356,9780143039983,10
356,9780486282114,0
356,9780486266847,9
356,9780345337665,10
356,9781524763138,3
356,9781501156751,0
356,9781627792127,2
356,9781501142970,9
357,9780143113492,0
357,9780553283686,10
357,9780439023528,2
357,9780812550702,10
357,9781400033416,1
357,9780553380958,10
357,9780441569595,8
357,9780060850524,10
357,9780756404741,4
357,9780307472880,4
357,9780679732761,3
357,9780307887436,0
357,9780553418026,10
357,9780345391803,9
357,9780441478125,8
357,9780553293357,8
357,9780451524935,8
357,9780547928227,5
357,9780441172719,0
358,9781501142970,10
358,9780064404990,2
358,9780143039983,7
358,9780812550702,4
358,9781503278921,0
358,9781501156751,10
358,9780544336261,0
358,9780307743657,7
358,9780307887436,1
358,9780142410370,5
358,9780486266847,7
358,9780486282114,10
358,9780486411095,10
358,9780380729407,9
358,9780062094354,10
358,9780307743683,10
358,9780451524935,3
358,9780062457714,0
358,9780345337665,9
358,9780062259653,9
359,9780451524935,7
359,9780441172719,10
359,9780307454546,9
359,9780441478125,10
359,9780394758282,0
359,9780307887436,8
359,9781594634024,8
359,9780345391803,10
359,9780375826696,2
359,9780812550702,9
359,9780062693662,0
359,9780553293357,8
359,9780307588364,6
359,9780312924584,10
359,9780062407801,4
359,9781503278921,8
359,9780143124542,3
359,9780307341556,7
359,9780143113492,6
359,9780307474278,9
359,9781250301697,0
359,9780553380958,10
359,9780060850524,9
359,9780553418026,10
359,9780143039433,7
359,9780062073488,10
359,9780441569595,0
359,9780553283686,7
360,9780374533557,1
360,9781400033416,3
360,9780307341556,7
360,9781451696196,7
360,9780307454546,10
360,9780062073488,10
360,9781594634024,9
360,9780439023528,10
360,9781250301697,10
360,9780544336261,9
360,9780312674397,0
360,9781250012579,8
360,9780440414803,7
360,9780062457714,1
360,9780307588364,0
360,9780375869020,10
360,9780062693662,9
360,9780142410370,8
361,9780375869020,10
361,9780143124542,6
361,9780618640157,9
361,9780553293357,2
361,9780440414803,8
361,9780765311788,8
361,9780547928227,10
361,9780439023528,9
361,9780375826696,6
361,9780486266847,0
361,9781501110368,4
361,9780142410370,9
361,9780786838653,10
361,9780679879244,7
361,9780062024039,9
361,9781451696196,10
361,9780544336261,8
361,9780312674397,6
361,9781627792127,9
361,9780385737951,10
361,9780553103540,7
361,9780062073488,2
361,9780590353427,0
361,9780756404741,0
361,9781250012579,10
361,9780765326355,0
361,9780064404990,9
361,9780812548051,10
361,9780142410318,9
362,9780553293357,6
362,9780307887436,9
362,9780060883287,10
362,9781400079988,9
362,9780451524935,8
362,9780345391803,0
362,9780441569595,7
362,9780143039433,9
362,9780743273565,8
362,9780486415871,10
362,9780060935467,10
362,9780345337665,3
362,9780060850524,10
362,9780142437247,10
362,9780440180296,7
362,9780756404741,0
362,9780812550702,10
362,9780316769488,0
362,9780441172719,10
362,9780062316097,5
362,9780679732761,0
362,9780143035008,8
362,9781400033416,0
362,9780553283686,9
363,9780439023528,7
363,9780307743683,9
363,9780440414803,0
363,9780345337665,8
363,9780143039983,10
363,9780385737951,10
363,9780062073488,0
363,9780062024039,7
363,9780312924584,5
363,9781627792127,8
363,9780486411095,9
363,9780062259653,10
363,9780312674397,10
363,9780142410318,9
363,9781501142970,10
363,9781503278921,1
363,9780142410370,8
363,9780486266847,10
363,9780544336261,9
363,9780141439556,0
363,9780380729407,8
363,9780375869020,9
363,9780486282114,0
364,9780307341556,2
364,9780486266847,10
364,9780307743683,10
364,9780062457714,9
364,9781501142970,7
364,9780553380163,9
364,9780380729407,0
364,9780062316097,6
364,9780486411095,10
364,9781524763138,8
364,9780307743657,9
364,9780486282114,6
364,9780062407801,9
364,9780316017930,7
364,9780307352149,10
364,9781501156751,7
364,9780062259653,8
364,9780062094354,7
364,9780143039983,10
364,9780374533557,10
364,9780345337665,7
364,9780316015844,7
364,9780735211292,10
364,9780399590504,10
364,9781503278921,3
364,9780807014295,8
364,9780064404990,3
364,9780812981605,10
365,9780143035008,2
365,9780446605236,10
365,9780156029438,10
365,9780142437209,6
365,9780385737951,6
365,9780060935467,0
365,9781501110368,10
365,9780525478812,9
365,9780394758282,1
365,9780399590504,4
365,9780140280098,9
365,9780141439518,6
365,9780307472880,8
365,9780143124542,8
365,9780316015844,7
365,9780440212560,10
365,9780141439556,10
365,9781250301697,2
366,9780765311788,8
366,9780765326355,8
366,9780547928227,10
366,9781451696196,6
366,9780786838653,10
366,9780812548051,0
366,9780375826696,9
366,9780618640157,9
366,9780756404741,9
366,9780525478812,5
366,9780590353427,0
366,9780553418026,2
366,9780062407801,3
366,9780143035008,3
366,9780553103540,10
366,9780064404990,0
366,9780441569595,1
366,9780679879244,8
366,9780440212560,3
367,9780062259653,10
367,9780440180296,2
367,9780486282114,10
367,9780486266847,10
367,9780312924584,3
367,9780143039433,0
367,9780441172719,2
367,9781501142970,10
367,9780345337665,9
367,9780307743657,10
367,9780486411095,0
367,9780307743683,10
367,9781501156751,7
367,9780143039983,0
367,9780062094354,10
367,9781501110368,7
367,9780380729407,0
367,9780441569595,6
368,9780060850524,3
368,9780765311788,8
368,9780553380958,5
368,9780525478812,7
368,9780440414803,2
368,9780786838653,10
368,9780553103540,10
368,9780064404990,0
368,9780679879244,10
368,9780307743657,4
368,9780590353427,0
368,9780765326355,8
368,9780756404741,10
368,9781501156751,1
368,9780547928227,0
368,9780140280098,5
368,9780394758282,1
368,9780812548051,10
368,9780375826696,10
368,9780618640157,0
369,9780307454546,1
369,9781400079988,8
369,9780440180296,10
369,9780142437247,9
369,9780156029438,2
369,9781400033416,9
369,9780143035008,0
369,9780765326355,8
369,9780143039433,8
369,9780060883287,10
369,9780441172719,0
369,9780060935467,9
369,9780547928227,10
369,9780756404741,8
369,9780064404990,10
369,9780486415871,7
369,9780316769488,9
369,9780590353427,0
369,9780743273565,8
369,9780441478125,0
369,9780618640157,0
369,9781594634024,2
369,9780375826696,9
369,9780765311788,0
369,9781501156751,0
369,9780812548051,9
369,9780679732761,0
369,9780553103540,7
369,9780679879244,8
369,9780786838653,6
370,9780375826696,8
370,9780440414803,3
370,9780590353427,8
370,9780064404990,9
370,9780812548051,8
370,9780374533557,6
370,9780765326355,9
370,9780786838653,8
370,9780679879244,9
370,9780062457714,2
370,9781503278921,6
370,9780756404741,10
370,9780553103540,9
370,9780765311788,10
370,9780062316097,0
370,9780060883287,6
370,9780547928227,0
370,9780618640157,10
371,9780062407801,8
371,9781400079988,1
371,9780062316097,10
371,9780553283686,8
371,9780307887436,6
371,9780553380958,9
371,9780307352149,9
371,9780618640157,5
371,9780553380163,9
371,9780062457714,0
371,9780441478125,7
371,9780553293357,6
371,9780142437247,4
371,9780812981605,9
371,9780807014295,6
371,9781524763138,0
371,9780143124542,3
371,9780374533557,7
371,9780553418026,9
371,9780441172719,8
371,9780345391803,7
371,9780316017930,7
371,9780812550702,7
371,9780060850524,10
371,9780399590504,8
371,9780441569595,10
371,9780451524935,8
371,9780756404741,4
371,9780735211292,7
371,9780486411095,3
372,9780440414803,8
372,9780544336261,7
372,9780375869020,7
372,9780743273565,3
372,9781594634024,1
372,9781250012579,8
372,9780439023528,10
372,9781451696196,7
372,9780142410370,8
372,9780062024039,10
372,9780385737951,6
372,9781627792127,10
372,9780553283686,7
372,9780394758282,1
372,9780312674397,8
372,9780786838653,3
372,9780142410318,10
372,9780441172719,3
372,9780062094354,0
372,9780060883287,1
373,9780553103540,10
373,9780544336261,2
373,9780786838653,10
373,9780374533557,7
373,9780679879244,7
373,9780765311788,10
373,9780590353427,10
373,9780765326355,10
373,9780375826696,10
373,9780618640157,10
373,9781250012579,3
373,9781250301697,5
373,9780142437209,0
373,9780307472880,3
373,9780812548051,0
373,9780547928227,8
373,9780553380163,5
373,9780064404990,8
373,9781400079988,5
373,9780756404741,0
374,9781501110368,7
374,9780156029438,9
374,9780345391803,0
374,9781503278921,7
374,9780812550702,6
374,9780786838653,5
374,9780141439518,0
374,9780307472880,10
374,9781594634024,8
374,9780062073488,7
374,9780380729407,1
374,9780307454546,9
374,9780142437209,0
374,9780141439556,8
374,9780307588364,10
374,9780307341556,9
374,9780307474278,8
374,9780394758282,7
374,9780062693662,10
374,9780446605236,10
374,9780553283686,1
374,9780143124542,9
374,9780064404990,3
374,9780440212560,10
374,9780486282114,3
374,9780316015844,10
374,9780143113492,0
374,9781524763138,5
374,9780140280098,0
374,9780312924584,7
375,9780062073488,10
375,9781250301697,0
375,9780735211292,1
375,9780312924584,10
375,9781503278921,10
375,9781451696196,0
375,9780307454546,7
375,9781501142970,1
375,9780062693662,8
375,9780143113492,8
375,9780062407801,2
375,9780307474278,9
375,9780394758282,9
375,9780142410318,5
375,9780441569595,5
375,9781594634024,9
375,9780307341556,10
375,9780307588364,10
376,9780385737951,6
376,9780062024039,2
376,9780307454546,9
376,9780786838653,9
376,9780486415871,5
376,9780765326355,7
376,9780143124542,6
376,9780679879244,0
376,9781250012579,0
376,9780307341556,10
376,9781501156751,5
376,9780062073488,10
376,9780765311788,10
376,9780143113492,9
376,9780394758282,10
376,9780307588364,9
376,9780143039433,0
376,9780590353427,10
376,9780375826696,8
376,9781503278921,8
376,9780756404741,8
376,9780307474278,10
376,9780062693662,9
376,9781250301697,9
376,9780547928227,10
376,9780618640157,10
376,9780312924584,10
376,9780064404990,10
376,9780812548051,0
376,9780553103540,9
376,9781400033416,1
376,9781594634024,10
377,9780345391803,9
377,9780553380958,8
377,9780553418026,7
377,9780143113492,6
377,9780307588364,10
377,9780307474278,9
377,9780307341556,7
377,9781250012579,2
377,9780812550702,10
377,9780394758282,10
377,9780441172719,8
377,9780060850524,0
377,9780756404741,5
377,9780375826696,4
377,9780553293357,10
377,9780062073488,10
377,9780451524935,9
377,9781250301697,9
377,9780441478125,6
377,9780312924584,0
377,9780544336261,2
377,9780307454546,10
377,9781503278921,10
377,9780307887436,9
377,9780553283686,10
377,9781594634024,0
377,9780062693662,10
377,9780441569595,6
378,9780399590504,9
378,9780142410318,5
378,9780486415871,6
378,9780553103540,5
378,9780062316097,7
378,9780807014295,10
378,9780062407801,8
378,9781627792127,7
378,9780142410370,1
378,9781524763138,9
378,9780553380163,0
378,9780439023528,0
378,9780374533557,8
378,9780062457714,0
378,9780316017930,0
378,9781250301697,5
378,9780735211292,9
378,9780812981605,7
378,9780307352149,10
379,9780440212560,5
379,9781250301697,0
379,9780307588364,9
379,9780374533557,3
379,9780807014295,3
379,9780307341556,9
379,9780307454546,10
379,9780553103540,4
379,9780062693662,10
379,9780062073488,7
379,9781594634024,10
379,9780440414803,1
379,9780143113492,10
379,9780307474278,9
379,9781503278921,10
379,9780441569595,3
379,9780394758282,9
380,9780486415871,0
380,9780141439556,1
380,9780812981605,10
380,9780679732761,0
380,9781524763138,0
380,9780060883287,9
380,9780807014295,8
380,9780316769488,8
380,9780743273565,8
380,9780062407801,10
380,9780062457714,0
380,9780735211292,10
380,9780062316097,10
380,9781400079988,0
380,9780307352149,8
380,9780143039433,8
380,9780399590504,8
380,9780316017930,9
380,9780553380163,0
380,9780060935467,9
380,9780307341556,4
380,9780143035008,6
380,9780385737951,2
380,9780486266847,2
380,9780374533557,10
380,9780440212560,2
380,9780440180296,0
380,9781400033416,8
380,9780142437247,7
381,9780307743683,0
381,9780486266847,8
381,9780525478812,4
381,9780307743657,9
381,9781501156751,8
381,9781501142970,8
381,9780486282114,7
381,9780143039983,9
381,9780553380958,6
381,9780345337665,8
381,9780441569595,0
381,9780062094354,10
381,9781400079988,5
381,9780345391803,1
381,9780446605236,3
381,9780062259653,6
381,9780486411095,9
381,9780380729407,10
382,9780316769488,3
382,9780553283686,9
382,9780553103540,3
382,9780060850524,10
382,9780141439518,4
382,9780441569595,0
382,9780553418026,8
382,9780807014295,0
382,9780441478125,10
382,9780451524935,9
382,9780062693662,2
382,9780553293357,0
382,9780345391803,6
382,9780142410370,2
382,9780812550702,10
382,9780553380958,9
382,9780441172719,6
382,9780307887436,8
383,9781400033416,0
383,9780316017930,10
383,9780807014295,10
383,9780062457714,9
383,9780679879244,2
383,9780553380163,9
383,9781524763138,8
383,9780060935467,3
383,9780374533557,10
383,9780399590504,9
383,9780735211292,8
383,9780307352149,0
383,9780553283686,0
383,9780062316097,6
383,9780062407801,0
383,9780142410318,1
383,9780141439518,0
383,9780812981605,9
384,9780345337665,4
384,9780143035008,10
384,9780812548051,10
384,9780060883287,8
384,9780375826696,9
384,9780142437247,10
384,9781400033416,7
384,9780618640157,8
384,9780553293357,7
384,9780385737951,0
384,9780756404741,10
384,9781400079988,9
384,9780380729407,0
384,9780590353427,7
384,9781501142970,6
384,9780679879244,9
384,9780316769488,10
384,9780486415871,0
384,9780786838653,10
384,9780547928227,10
384,9780062407801,7
384,9780553103540,8
384,9780679732761,8
384,9780143039433,8
384,9780060935467,9
384,9780765311788,0
384,9780446605236,6
385,9780142410318,0
385,9780380729407,9
385,9780307743657,9
385,9780062259653,8
385,9780142437209,10
385,9781501156751,10
385,9780446605236,10
385,9780140280098,9
385,9780307743683,7
385,9780743273565,0
385,9780440212560,10
385,9780786838653,5
385,9780141439518,6
385,9780156029438,6
385,9781501110368,8
385,9780143124542,8
385,9780345337665,0
385,9780307472880,10
385,9780062094354,9
385,9780143039983,9
385,9780141439556,9
385,9780486266847,10
385,9780486282114,7
385,9780486411095,0
385,9780441478125,7
385,9781501142970,9
385,9780316015844,10
385,9780525478812,9
386,9780060883287,10
386,9780486411095,0
386,9780143113492,10
386,9780143035008,7
386,9780743273565,10
386,9781400033416,8
386,9780062693662,10
386,9780307341556,9
386,9780440180296,7
386,9780143039433,9
386,9780142437247,6
386,9781400079988,7
386,9780307474278,0
386,9780307454546,10
386,9781503278921,10
386,9780679732761,9
386,9780316769488,10
386,9780307588364,9
386,9780553380958,4
386,9780060935467,7
386,9780486415871,10
386,9780312674397,7
386,9780394758282,10
386,9780062073488,10
386,9781594634024,6
386,9780312924584,10
386,9781250301697,7
386,9780553418026,2
387,9780807014295,7
387,9780441172719,10
387,9780553380163,9
387,9780525478812,1
387,9780486415871,0
387,9780345391803,6
387,9780399590504,10
387,9781400079988,1
387,9780451524935,10
387,9780062259653,1
387,9780812981605,10
387,9780553293357,0
387,9780307454546,0
387,9780307352149,0
387,9780735211292,10
387,9780374533557,10
387,9780441569595,9
387,9780062407801,8
387,9780553283686,0
387,9780062316097,9
387,9780307887436,10
387,9780553418026,10
387,9780142410318,0
388,9780307588364,0
388,9780307743657,0
388,9781503278921,10
388,9781501156751,6
388,9780141439518,8
388,9780440212560,10
388,9780525478812,10
388,9781501110368,10
388,9780394758282,7
388,9780440180296,0
388,9780060883287,5
388,9780142437209,9
388,9780307454546,9
388,9780312924584,10
388,9781250301697,0
388,9781627792127,5
388,9780446605236,10
388,9781594634024,9
388,9780143124542,0
388,9780141439556,8
388,9780156029438,9
388,9780316015844,9
388,9780375869020,5
389,9780765326355,0
389,9781400079988,10
389,9780756404741,9
389,9780399590504,1
389,9780812981605,7
389,9780679732761,9
389,9780143035008,8
389,9780807014295,0
389,9780142437247,7
389,9780679879244,8
389,9780590353427,0
389,9780812548051,9
389,9780547928227,0
389,9780486415871,9
389,9781400033416,10
389,9780143039433,10
389,9780307454546,1
389,9780440180296,8
389,9780765311788,10
389,9780786838653,8
389,9780064404990,10
389,9780316769488,9
389,9780375826696,0
389,9780743273565,0
389,9780142410370,2
389,9780553103540,10
389,9780142437209,2
389,9780060883287,10
389,9780618640157,0
389,9780060935467,10
390,9780547928227,7
390,9780812548051,0
390,9780765311788,10
390,9780786838653,0
390,9780553103540,0
390,9780140280098,0
390,9780553418026,2
390,9780064404990,10
390,9780618640157,10
390,9780451524935,4
390,9780486282114,2
390,9780756404741,0
390,9780394758282,6
390,9780679879244,8
390,9781627792127,5
390,9780590353427,10
390,9780375826696,10
390,9780765326355,9
391,9781594634024,9
391,9780446605236,8
391,9780141439518,9
391,9780394758282,10
391,9780307341556,9
391,9780307588364,8
391,9780312924584,9
391,9781250301697,7
391,9780062693662,10
391,9780307887436,5
391,9780307472880,8
391,9780525478812,8
391,9780141439556,9
391,9781503278921,9
391,9780156029438,6
391,9780140280098,8
391,9780143113492,10
391,9780060850524,3
391,9780142437209,10
391,9780143124542,10
391,9781501110368,9
391,9780060883287,1
391,9780307454546,8
391,9780062073488,0
391,9780307474278,8
391,9780807014295,3
391,9780440212560,7
391,9780316015844,10
391,9780316769488,1
392,9780679732761,10
392,9780735211292,9
392,9780441172719,1
392,9780743273565,0
392,9780446605236,0
392,9780374533557,9
392,9780060883287,8
392,9780060935467,8
392,9780143035008,10
392,9780142437247,10
392,9781400079988,10
392,9780062407801,7
392,9780156029438,3
392,9780812981605,0
392,9780553380163,10
392,9780062316097,7
392,9780142437209,1
392,9780399590504,8
392,9780316017930,10
392,9780316769488,9
392,9780307352149,10
392,9780440180296,8
392,9781400033416,0
392,9780143039433,8
392,9780143113492,2
392,9781503278921,0
392,9780062457714,6
392,9780486415871,10
392,9781524763138,10
392,9780807014295,10
393,9780345391803,1
393,9780060935467,9
393,9780679732761,0
393,9780375869020,2
393,9780765326355,3
393,9780743273565,7
393,9780143039433,8
393,9780618640157,3
393,9780064404990,2
393,9780486415871,10
393,9780142437247,10
393,9781250301697,3
393,9781400033416,9
393,9780451524935,1
393,9780143035008,9
393,9780316769488,10
393,9780440180296,10
393,9780060883287,0
393,9781400079988,9
394,9780441478125,10
394,9780486415871,2
394,9780812550702,9
394,9781501156751,0
394,9780553293357,8
394,9780441172719,8
394,9780451524935,9
394,9780441569595,8
394,9780375869020,1
394,9780307743683,3
394,9780553418026,10
394,9780345391803,10
394,9780679879244,4
394,9780553283686,9
394,9780544336261,3
394,9780307588364,3
394,9780307887436,8
394,9780553103540,3
394,9780060850524,10
394,9780553380958,0
395,9780375869020,0
395,9780307743683,7
395,9780486266847,10
395,9780062316097,1
395,9780062407801,7
395,9780446605236,1
395,9780062259653,0
395,9780143039983,9
395,9781627792127,0
395,9780786838653,3
395,9780307743657,10
395,9780486282114,10
395,9780345337665,10
395,9781501156751,6
395,9780380729407,10
395,9780486411095,9
395,9780307588364,0
395,9780062094354,9
395,9780143035008,6
395,9781501142970,9
396,9780394758282,6
396,9780345337665,9
396,9780143039983,10
396,9781501142970,10
396,9780486266847,7
396,9781503278921,3
396,9780375826696,0
396,9780062259653,0
396,9781501156751,10
396,9780062094354,0
396,9780345391803,4
396,9780380729407,10
396,9780486282114,10
396,9780812548051,0
396,9780307743683,9
396,9780486411095,9
396,9780140280098,6
396,9780307743657,9
397,9781503278921,8
397,9780307352149,3
397,9781250012579,10
397,9780062457714,5
397,9781501156751,5
397,9780812981605,4
397,9780375869020,9
397,9780312924584,9
397,9780307588364,10
397,9780312674397,10
397,9780385737951,8
397,9781451696196,10
397,9780062073488,9
397,9780142410318,7
397,9780060935467,0
397,9780307454546,9
397,9780307474278,9
397,9780062024039,8
397,9780394758282,9
398,9780756404741,2
398,9780553293357,9
398,9780307887436,8
398,9780441172719,9
398,9780062073488,1
398,9780441478125,8
398,9780553418026,10
398,9780060850524,7
398,9780062094354,2
398,9780786838653,0
398,9780812550702,0
398,9780143124542,6
398,9780553380958,9
398,9780441569595,9
398,9780142437209,2
398,9780553283686,10
398,9780451524935,9
398,9780143039983,7
398,9780345391803,10
399,9780307352149,9
399,9780307887436,10
399,9780441478125,6
399,9780553380958,0
399,9780316017930,10
399,9780441569595,9
399,9781503278921,7
399,9780441172719,8
399,9780812981605,10
399,9780062407801,10
399,9780812550702,10
399,9780451524935,7
399,9780380729407,4
399,9780735211292,9
399,9780553418026,9
399,9780060850524,9
399,9780399590504,9
399,9780345391803,10
399,9780553283686,8
399,9780142410318,6
399,9780064404990,3
399,9780553380163,0
399,9780807014295,8
399,9780525478812,3
399,9780142410370,7
399,9780062457714,0
399,9780307472880,2
399,9780553293357,9
399,9780062316097,9
399,9780374533557,10
399,9781524763138,6
400,9780441569595,9
400,9780486411095,7
400,9781501142970,9
400,9780441478125,8
400,9780765311788,2
400,9780451524935,8
400,9781501156751,9
400,9780060850524,8
400,9780812550702,10
400,9780307887436,10
400,9780307743683,9
400,9780062024039,6
400,9780307454546,3
400,9781451696196,0
400,9780345391803,10
400,9780553418026,0
400,9780486282114,8
400,9780143039983,0
400,9780062094354,8
400,9780553293357,9
400,9780486266847,0
400,9780345337665,7
400,9780553283686,9
400,9780307743657,9
400,9780062259653,9
400,9780553380958,8
400,9780441172719,10
400,9780786838653,2
400,9780380729407,8
400,9780756404741,1
401,9780316769488,0
401,9780486415871,7
401,9781627792127,0
401,9780143039433,10
401,9780679732761,7
401,9780060883287,8
401,9781400033416,10
401,9780143035008,0
401,9780756404741,7
401,9780743273565,8
401,9780307474278,4
401,9781400079988,9
401,9780786838653,5
401,9781451696196,6
401,9780553380163,3
401,9780440180296,8
401,9780060935467,9
401,9780142437247,9
402,9781627792127,10
402,9780307454546,0
402,9780807014295,4
402,9780062259653,2
402,9781400079988,5
402,9780142410370,7
402,9780307588364,6
402,9780385737951,8
402,9781250012579,9
402,9780062693662,0
402,9780312674397,8
402,9780440414803,0
402,9780307341556,9
402,9781594634024,10
402,9780062457714,0
402,9780544336261,6
402,9780062073488,9
402,9780307474278,8
402,9780062024039,10
402,9780439023528,8
403,9781524763138,9
403,9781594634024,5
403,9780812981605,8
403,9780553380163,9
403,9780307743657,0
403,9780316015844,0
403,9780062316097,8
403,9780316017930,10
403,9780525478812,2
403,9780486411095,3
403,9780062457714,10
403,9780807014295,7
403,9780307352149,7
403,9780735211292,10
403,9780062407801,9
403,9780399590504,8
403,9780374533557,10
403,9780143113492,5
404,9780143035008,8
404,9780345337665,1
404,9780375826696,0
404,9781400079988,10
404,9780307472880,8
404,9780374533557,6
404,9780140280098,10
404,9780553103540,3
404,9780525478812,0
404,9780142437247,9
404,9780143039433,8
404,9780060883287,9
404,9781451696196,0
404,9780440212560,10
404,9780743273565,7
404,9780142437209,0
404,9780060935467,10
404,9780316769488,10
404,9780440180296,0
404,9781400033416,9
404,9780679732761,8
404,9780141439518,6
404,9780486415871,10
404,9780062073488,1
404,9780143124542,6
404,9781501110368,10
404,9780446605236,9
404,9780156029438,10
404,9780141439556,6
404,9780316015844,10
405,9780812981605,10
405,9780525478812,0
405,9780553380163,8
405,9781524763138,10
405,9780062693662,1
405,9780143124542,10
405,9780440212560,8
405,9780062407801,10
405,9780140280098,10
405,9780316015844,8
405,9780316017930,7
405,9781627792127,5
405,9780141439518,9
405,9780141439556,0
405,9780399590504,8
405,9780307472880,8
405,9780486282114,1
405,9780062316097,7
405,9780374533557,10
405,9780307454546,3
405,9780735211292,8
405,9780544336261,0
405,9780142437209,9
405,9780807014295,8
405,9780156029438,7
406,9780062407801,10
406,9780140280098,2
406,9780812981605,8
406,9780316017930,10
406,9780062316097,10
406,9780307887436,0
406,9780307352149,7
406,9780375826696,0
406,9780307341556,1
406,9780062457714,9
406,9780807014295,9
406,9780679879244,3
406,9780399590504,0
406,9780553380163,8
406,9780735211292,9
406,9780374533557,8
406,9781524763138,10
406,9780307743657,0
406,9780451524935,3
406,9780156029438,6
407,9781501110368,1
407,9780062024039,8
407,9780553283686,1
407,9780547928227,8
407,9780812548051,0
407,9780441478125,1
407,9780307588364,3
407,9780544336261,10
407,9780486411095,1
407,9780439023528,7
407,9781627792127,9
407,9780553103540,10
407,9780142437209,5
407,9780142410370,9
407,9780312674397,8
407,9780786838653,8
407,9780142410318,9
407,9780618640157,10
407,9781451696196,10
407,9781250012579,10
407,9780679879244,9
407,9780375826696,7
407,9780765326355,9
407,9780756404741,10
407,9780307472880,0
407,9780440414803,7
407,9780590353427,10
407,9780765311788,9
407,9780375869020,10
407,9780385737951,6
407,9780064404990,9
408,9780316769488,0
408,9781400033416,7
408,9780142437247,7
408,9781400079988,9
408,9780307472880,10
408,9780679732761,9
408,9780440212560,9
408,9780486415871,7
408,9780143124542,7
408,9780062407801,0
408,9780141439556,10
408,9780743273565,9
408,9780140280098,10
408,9780143035008,8
408,9780143039433,0
408,9780446605236,8
408,9780060935467,9
408,9780141439518,0
408,9780765326355,2
408,9780441172719,0
408,9780316015844,7
408,9780440180296,0
408,9781501110368,9
408,9781250012579,1
408,9780156029438,8
408,9780060883287,0
408,9780142437209,8
408,9780525478812,10
408,9780307588364,3
408,9780765311788,3
409,9780143124542,2
409,9780062259653,10
409,9780141439556,7
409,9780307743657,9
409,9780345337665,6
409,9780375869020,8
409,9780345391803,0
409,9780440414803,0
409,9780142410318,6
409,9780385737951,8
409,9780062316097,5
409,9781501156751,9
409,9780380729407,10
409,9780553380958,1
409,9780439023528,0
410,9780590353427,8
410,9780743273565,10
410,9780316769488,0
410,9780765326355,10
410,9780440180296,0
410,9780143039433,8
410,9780143035008,9
410,9780786838653,7
410,9780142437247,6
410,9780312924584,2
410,9780812548051,0
410,9780547928227,8
410,9781501110368,4
410,9780756404741,10
410,9780679732761,10
410,9781400033416,9
410,9780064404990,9
410,9780553103540,10
411,9781400033416,0
411,9780440180296,10
411,9780307472880,10
411,9780743273565,10
411,9780142437247,8
411,9780143124542,10
411,9781503278921,4
411,9780062693662,7
411,9780143039433,6
411,9780307887436,1
411,9780525478812,0
411,9780446605236,9
411,9780141439556,9
411,9780316015844,9
411,9780486282114,5
411,9780060935467,10
411,9780679732761,10
411,9780140280098,10
411,9780765326355,1
411,9781501110368,9
411,9780812981605,5
411,9780486415871,0
411,9780307474278,7
411,9780345337665,5
411,9780440212560,7
411,9780316769488,9
411,9781400079988,7
411,9780141439518,6
411,9780143035008,7
411,9780142437209,10
411,9780060883287,8
411,9780156029438,10
412,9780486415871,5
412,9780142410370,7
412,9780062693662,7
412,9780307887436,5
412,9780399590504,7
412,9780812548051,2
412,9780307454546,10
412,9780345391803,4
412,9780312924584,10
412,9780307474278,9
412,9780307588364,6
412,9781250301697,9
412,9780553283686,6
412,9780394758282,9
412,9781503278921,8
412,9780062073488,0
412,9780307341556,0
412,9780143113492,0
412,9780547928227,2
412,9781594634024,10
413,9780307743657,10
413,9780062073488,3
413,9780307743683,0
413,9781501156751,7
413,9780345337665,0
413,9780486266847,9
413,9780307341556,2
413,9780812548051,2
413,9780375826696,0
413,9780380729407,9
413,9780062693662,2
413,9781501142970,7
413,9780062259653,10
413,9780062457714,2
413,9780486411095,8
413,9780486282114,7
413,9780062094354,0
413,9780812981605,5
413,9780143039983,8
414,9780553380163,2
414,9781501156751,10
414,9780307743683,10
414,9780380729407,8
414,9780143039983,10
414,9780345337665,9
414,9780375869020,1
414,9780441569595,1
414,9780062259653,0
414,9781400079988,2
414,9780307743657,8
414,9780060883287,4
414,9781501142970,0
414,9780486411095,8
414,9780486266847,7
414,9780812548051,1
414,9780062094354,9
414,9780394758282,1
414,9780486282114,10
414,9781451696196,2
415,9780394758282,3
415,9780142410318,0
415,9780156029438,1
415,9780307341556,1
415,9780679879244,9
415,9780679732761,10
415,9780440212560,1
415,9780765311788,10
415,9780618640157,9
415,9781400033416,10
415,9780812548051,9
415,9780316769488,10
415,9780786838653,0
415,9780375826696,0
415,9780060935467,6
415,9780440180296,9
415,9780553103540,9
415,9781400079988,10
415,9780765326355,10
415,9780590353427,8
415,9780547928227,10
415,9780142437247,8
415,9780307352149,1
415,9780060883287,7
415,9780143039433,10
415,9780743273565,9
415,9780064404990,7
415,9780486415871,8
415,9780756404741,10
415,9780143035008,8
416,9780743273565,0
416,9780062457714,10
416,9780553380163,8
416,9780316769488,9
416,9781524763138,8
416,9780062073488,0
416,9780486415871,7
416,9780440180296,10
416,9780062407801,0
416,9780807014295,10
416,9780060883287,10
416,9780140280098,3
416,9780062316097,8
416,9780142437209,0
416,9780142437247,7
416,9780060935467,9
416,9780374533557,6
416,9780812981605,10
416,9781501156751,1
416,9780735211292,0
416,9781400079988,7
416,9780307352149,9
416,9780399590504,9
416,9780679732761,9
416,9780143035008,8
416,9780143039433,8
416,9780143039983,2
416,9781400033416,10
416,9780316017930,9
417,9781503278921,10
417,9780394758282,0
417,9781501110368,5
417,9780312924584,0
417,9780307454546,9
417,9781594634024,10
417,9780439023528,6
417,9780062073488,8
417,9780143113492,7
417,9780062693662,8
417,9781501142970,4
417,9780307588364,6
417,9781250301697,0
417,9780307341556,9
417,9780307474278,8
417,9781400079988,5
417,9781451696196,1
417,9780440212560,2
418,9780062094354,10
418,9780486282114,10
418,9780142437209,10
418,9781250301697,5
418,9780143039983,0
418,9780679732761,2
418,9780446605236,10
418,9780486411095,0
418,9780143124542,8
418,9780807014295,0
418,9780525478812,10
418,9780156029438,0
418,9780440212560,10
418,9780380729407,10
418,9781501110368,7
418,9780307743657,10
418,9781501156751,0
418,9780486266847,9
418,9780141439518,6
418,9780553103540,4
418,9780307743683,10
418,9780743273565,3
418,9780345337665,10
418,9781501142970,10
418,9780316015844,9
418,9780143113492,2
418,9780141439556,10
418,9780553293357,6
418,9780062259653,10
418,9780307472880,10
418,9780140280098,10
419,9780060935467,8
419,9780486415871,6
419,9780440180296,0
419,9780142437247,10
419,9780060850524,3
419,9780143035008,10
419,9781400033416,10
419,9780743273565,8
419,9780316769488,9
419,9780307454546,1
419,9780553293357,2
419,9780307743683,7
419,9780679732761,0
419,9780143039433,0
419,9780735211292,1
419,9780374533557,3
419,9780060883287,0
419,9781400079988,8
420,9780143113492,10
420,9780307588364,6
420,9780394758282,8
420,9781501142970,0
420,9781250301697,10
420,9781503278921,8
420,9780486415871,5
420,9780307474278,0
420,9780312924584,10
420,9780307454546,9
420,9780553293357,6
420,9780062693662,0
420,9780143039433,1
420,9780307341556,9
420,9781400079988,5
420,9781594634024,10
420,9780062073488,7
420,9780380729407,4
421,9780307743683,0
421,9780307474278,5
421,9780345337665,10
421,9780380729407,0
421,9780307743657,0
421,9780399590504,3
421,9780553418026,1
421,9780060883287,5
421,9780486266847,9
421,9780062259653,10
421,9781501142970,0
421,9780486411095,9
421,9780440414803,1
421,9780143039983,8
421,9780525478812,4
421,9780312674397,6
421,9780486282114,0
421,9781501156751,8
421,9780062094354,6
422,9780060850524,2
422,9780307743683,2
422,9780312674397,0
422,9780525478812,0
422,9780375826696,10
422,9780679879244,8
422,9780547928227,6
422,9780765311788,7
422,9780756404741,0
422,9780812548051,8
422,9780765326355,9
422,9780786838653,0
422,9780307454546,5
422,9780618640157,10
422,9780553418026,0
422,9780590353427,10
422,9780553103540,10
422,9780064404990,7
422,9780142437209,0
423,9780307588364,4
423,9780307743683,6
423,9781627792127,2
423,9780312924584,1
423,9780553283686,2
423,9780380729407,10
423,9780345337665,7
423,9780486266847,9
423,9781501142970,8
423,9780143039983,10
423,9780486411095,0
423,9780375869020,3
423,9780062316097,2
423,9780486282114,8
423,9780143035008,1
423,9780062094354,10
423,9780062259653,9
423,9781501156751,7
423,9780307743657,9
424,9780486282114,0
424,9780307743657,8
424,9780142410318,10
424,9781501156751,10
424,9780440414803,10
424,9780062259653,9
424,9780544336261,9
424,9780307743683,9
424,9781503278921,7
424,9780312674397,9
424,9781627792127,10
424,9780439023528,10
424,9781501142970,10
424,9780765311788,5
424,9780062094354,0
424,9780345337665,0
424,9781250301697,4
424,9780380729407,0
424,9780486411095,10
424,9780618640157,3
424,9780451524935,7
424,9780143039983,8
424,9781451696196,0
424,9780525478812,4
424,9780486415871,1
424,9781250012579,7
424,9780142410370,10
424,9780385737951,9
424,9780486266847,7
425,9780064404990,8
425,9780440212560,10
425,9780590353427,9
425,9780141439518,0
425,9780142437209,8
425,9780141439556,10
425,9780307472880,9
425,9780679879244,10
425,9780553283686,2
425,9780786838653,7
425,9780316015844,8
425,9780156029438,7
425,9780446605236,7
425,9780143124542,0
425,9780765326355,10
425,9781501110368,8
425,9780618640157,10
425,9781250012579,5
425,9780440180296,0
425,9780765311788,7
425,9780812548051,7
425,9780140280098,6
425,9780553103540,8
425,9780441172719,2
425,9780547928227,7
425,9781594634024,5
425,9780743273565,1
425,9780756404741,10
425,9780375826696,8
425,9780525478812,0
426,9780394758282,9
426,9781594634024,10
426,9780142437209,7
426,9781503278921,8
426,9780062693662,8
426,9781451696196,0
426,9780307588364,7
426,9780307341556,7
426,9780307454546,10
426,9780062316097,4
426,9780812548051,5
426,9780312924584,10
426,9780142437247,5
426,9780062073488,8
426,9781501156751,7
426,9780143113492,10
426,9780307474278,7
426,9780544336261,2
426,9781250301697,8
427,9780062259653,6
427,9780316015844,9
427,9780143124542,8
427,9780525478812,8
427,9780141439556,0
427,9780394758282,4
427,9780307472880,9
427,9780440212560,10
427,9780451524935,2
427,9780307588364,2
427,9780142437209,8
427,9780446605236,0
427,9781501110368,8
427,9780062407801,3
427,9780307743657,0
427,9780141439518,9
427,9780140280098,10
427,9781503278921,2
427,9780156029438,9
428,9781501110368,8
428,9780307472880,10
428,9780525478812,8
428,9780345337665,0
428,9780441172719,1
428,9780316769488,0
428,9780374533557,0
428,9781594634024,10
428,9780142437209,10
428,9780316015844,10
428,9780142437247,7
428,9780143113492,8
428,9780141439518,9
428,9780307454546,10
428,9780141439556,7
428,9780446605236,9
428,9780307588364,9
428,9780143039433,6
428,9780140280098,10
428,9780394758282,10
428,9780062693662,9
428,9780156029438,7
428,9780143124542,7
428,9780375869020,0
428,9780062073488,8
428,9781503278921,9
428,9780307474278,0
428,9780307341556,9
429,9780385737951,7
429,9780786838653,8
429,9780140280098,10
429,9780765311788,9
429,9780307472880,6
429,9780525478812,8
429,9780064404990,9
429,9780446605236,10
429,9780141439556,10
429,9780590353427,0
429,9780440212560,10
429,9780547928227,10
429,9781501110368,9
429,9780486415871,2
429,9780812548051,8
429,9780553103540,10
429,9780143124542,10
429,9780807014295,3
429,9780679879244,9
429,9780141439518,7
429,9780375826696,8
429,9780544336261,0
430,9780735211292,8
430,9781501142970,3
430,9780345337665,3
430,9780553418026,2
430,9780812981605,10
430,9780399590504,10
430,9780439023528,7
430,9780316017930,8
430,9781524763138,0
430,9780307352149,8
430,9780307474278,5
430,9780156029438,3
430,9780142410370,2
430,9780374533557,10
430,9780062407801,0
430,9780062316097,0
430,9780062457714,6
430,9780553380163,9
430,9780807014295,9
430,9780062259653,1
431,9780440212560,6
431,9780307472880,9
431,9780307743683,0
431,9780141439556,6
431,9780156029438,10
431,9780307588364,1
431,9780062407801,5
431,9780142437209,0
431,9780140280098,6
431,9781627792127,4
431,9781501110368,9
431,9780143124542,10
431,9780446605236,10
431,9780525478812,10
431,9780394758282,3
431,9780141439518,0
431,9781451696196,2
431,9780316015844,9
431,9780486415871,2
432,9780307743683,10
432,9780064404990,10
432,9780486266847,10
432,9780486411095,9
432,9780756404741,10
432,9780441172719,7
432,9780307743657,9
432,9780765311788,10
432,9780547928227,0
432,9780743273565,5
432,9780765326355,9
432,9780141439556,2
432,9780590353427,0
432,9780812548051,8
432,9780380729407,9
432,9781501156751,8
432,9780062259653,7
432,9780375826696,9
432,9780679879244,7
432,9780062094354,8
432,9780060850524,3
432,9781501142970,0
432,9780618640157,10
432,9780486282114,9
432,9780143039983,0
432,9780553103540,8
432,9780062457714,3
432,9780786838653,7
432,9780345337665,9
433,9780812548051,6
433,9780441478125,10
433,9780375826696,0
433,9780446605236,6
433,9780307588364,2
433,9780547928227,6
433,9780064404990,6
433,9780765311788,8
433,9780553103540,10
433,9780553418026,9
433,9780440180296,1
433,9780618640157,9
433,9780679879244,8
433,9780553380958,9
433,9780765326355,10
433,9780786838653,10
433,9780441569595,0
433,9780590353427,6
433,9780307887436,0
433,9780060850524,10
433,9780553380163,0
433,9780451524935,8
433,9780441172719,6
433,9780553283686,0
433,9780553293357,9
433,9780756404741,9
433,9780525478812,6
433,9780812550702,8
433,9780345391803,9
433,9780141439556,5
434,9780765326355,2
434,9780143039433,1
434,9780140280098,0
434,9780525478812,9
434,9780440212560,9
434,9780156029438,10
434,9780142437209,9
434,9781501110368,0
434,9780141439518,9
434,9780316015844,10
434,9780141439556,10
434,9780062094354,2
434,9780446605236,6
434,9780143124542,7
434,9780553380958,1
434,9780307472880,8
434,9780399590504,3
434,9780440180296,2
434,9780394758282,5
434,9780486411095,0
435,9781503278921,8
435,9780312924584,9
435,9780143113492,9
435,9780060883287,0
435,9780307341556,10
435,9780345337665,4
435,9780307454546,8
435,9780142437247,6
435,9780307588364,0
435,9780553380958,2
435,9780062693662,9
435,9780307474278,9
435,9780345391803,7
435,9780062073488,8
435,9780394758282,7
435,9781250301697,10
435,9780553103540,4
435,9781250012579,4
435,9781594634024,9
435,9780140280098,2
436,9780553283686,8
436,9780441172719,0
436,9781503278921,1
436,9780735211292,2
436,9780375869020,9
436,9780345391803,8
436,9781451696196,10
436,9780142410318,7
436,9780440414803,9
436,9780544336261,9
436,9781627792127,10
436,9780440180296,2
436,9780385737951,10
436,9780345337665,3
436,9780553380958,9
436,9780486415871,5
436,9780307887436,9
436,9781250012579,10
436,9781524763138,2
436,9780439023528,9
436,9780525478812,0
436,9780312674397,8
436,9780812550702,0
436,9780142410370,0
436,9780553293357,9
436,9780553418026,0
436,9780451524935,10
436,9780060850524,0
436,9780062024039,10
436,9780441478125,9
436,9780441569595,7
437,9780064404990,7
437,9780486266847,3
437,9780590353427,0
437,9780375826696,0
437,9780385737951,5
437,9780765326355,9
437,9780756404741,10
437,9780553103540,8
437,9780307887436,5
437,9780786838653,9
437,9780547928227,6
437,9780812548051,9
437,9780679879244,10
437,9780618640157,10
437,9780765311788,9
437,9780440180296,4
437,9780525478812,2
438,9780553380958,10
438,9780553283686,10
438,9780062094354,3
438,9780812550702,9
438,9780451524935,9
438,9780756404741,1
438,9780441569595,8
438,9780679732761,1
438,9780553418026,6
438,9780590353427,4
438,9780679879244,4
438,9780307887436,8
438,9780547928227,5
438,9780441172719,9
438,9780486415871,3
438,9780553293357,9
438,9780441478125,0
438,9780345391803,0
438,9780060850524,10
439,9781501110368,1
439,9780451524935,5
439,9780316769488,8
439,9780743273565,0
439,9781400033416,9
439,9780375869020,7
439,9780486282114,2
439,9780486266847,2
439,9780143035008,7
439,9780394758282,5
439,9780142437247,0
439,9780060883287,0
439,9781400079988,10
439,9780345391803,6
439,9780679732761,7
439,9780143039433,8
439,9780440180296,10
439,9780486415871,9
439,9780060935467,10
440,9780553293357,0
440,9780316017930,7
440,9780486411095,9
440,9780380729407,7
440,9780307743683,10
440,9781400033416,9
440,9780345337665,9
440,9780060883287,0
440,9780316769488,10
440,9780679732761,10
440,9780060935467,9
440,9780141439556,0
440,9780143039433,7
440,9780486282114,8
440,9780394758282,0
440,9781503278921,6
440,9781501156751,8
440,9781400079988,8
440,9780062259653,9
440,9781501142970,10
440,9780743273565,8
440,9780399590504,3
440,9780143035008,9
440,9780062094354,9
440,9780062457714,0
440,9780679879244,5
441,9780446605236,5
441,9780486266847,3
441,9780756404741,10
441,9780679879244,10
441,9780812548051,10
441,9780765311788,0
441,9780553103540,9
441,9780375826696,10
441,9780142437247,3
441,9780064404990,7
441,9780618640157,10
441,9780547928227,9
441,9780765326355,0
441,9780143039433,1
441,9780143113492,2
441,9780590353427,8
441,9780786838653,9
441,9780394758282,4
441,9780345337665,1
442,9780553380163,10
442,9780062407801,7
442,9781524763138,6
442,9780307352149,10
442,9781250012579,2
442,9780374533557,7
442,9780735211292,9
442,9780486266847,4
442,9780399590504,8
442,9780316017930,10
442,9780062316097,10
442,9780060850524,4
442,9780440212560,3
442,9780307454546,1
442,9780807014295,9
442,9780618640157,2
442,9780062457714,8
442,9780553418026,4
442,9780812981605,10
443,9780486266847,9
443,9780380729407,8
443,9780486282114,7
443,9780544336261,5
443,9780307743657,9
443,9780486411095,10
443,9780307743683,9
443,9780062259653,10
443,9780312674397,1
443,9780451524935,3
443,9781501156751,10
443,9780385737951,4
443,9780345337665,10
443,9781400033416,1
443,9781501142970,10
444,9780679879244,3
444,9781627792127,3
444,9780486266847,0
444,9780345337665,8
444,9780547928227,7
444,9780140280098,4
444,9780380729407,9
444,9780553103540,1
444,9780486411095,7
444,9780062259653,9
444,9780062094354,9
444,9780307743657,8
444,9780307743683,9
444,9781501156751,9
444,9780486282114,10
444,9780143039983,0
444,9781501142970,7
444,9780440414803,1
445,9780765311788,0
445,9780765326355,9
445,9780064404990,9
445,9780553103540,0
445,9780062024039,0
445,9780786838653,9
445,9780547928227,10
445,9780486411095,0
445,9780375826696,9
445,9780394758282,6
445,9780316769488,1
445,9780812548051,10
445,9780439023528,4
445,9780590353427,7
445,9780618640157,10
445,9780679879244,10
445,9780756404741,7
446,9780316015844,9
446,9780451524935,0
446,9780553380958,7
446,9780812550702,10
446,9780060883287,0
446,9780307472880,10
446,9780156029438,8
446,9780141439556,0
446,9780143124542,10
446,9780441478125,7
446,9780140280098,7
446,9780446605236,0
446,9780441172719,10
446,9780142437209,0
446,9780440212560,0
446,9780553418026,9
446,9780735211292,1
446,9780553283686,10
446,9780307887436,8
446,9780525478812,7
446,9780441569595,9
446,9780062094354,1
446,9780553293357,10
446,9780141439518,10
446,9780345391803,7
446,9780064404990,1
446,9781501110368,0
446,9780060850524,8
447,9780140280098,0
447,9780446605236,8
447,9780143039983,3
447,9780440212560,8
447,9780141439518,9
447,9780374533557,3
447,9780440180296,3
447,9780525478812,10
447,9780156029438,10
447,9780307474278,4
447,9781501142970,4
447,9780142437209,8
447,9780307472880,8
447,9780142410318,1
447,9780316015844,7
447,9781501110368,9
447,9780307341556,2
447,9780307454546,3
447,9780143124542,7
447,9780141439556,10
448,9780486282114,9
448,9780765311788,0
448,9781501156751,0
448,9780679732761,0
448,9780156029438,3
448,9781501142970,10
448,9780307743683,10
448,9780062259653,10
448,9780679879244,1
448,9780486266847,10
448,9780380729407,6
448,9780062094354,9
448,9781400079988,2
448,9780143039983,10
448,9780486411095,9
448,9780553418026,0
448,9780307743657,0
448,9780345337665,0
449,9780440212560,3
449,9780812550702,3
449,9780679879244,0
449,9780307588364,10
449,9780553283686,0
449,9780812548051,9
449,9780765311788,7
449,9780590353427,9
449,9780345391803,2
449,9781503278921,9
449,9780786838653,10
449,9780064404990,10
449,9780394758282,9
449,9780547928227,9
449,9780553380958,1
449,9780062073488,8
449,9781594634024,9
449,9780375826696,9
449,9780307474278,10
449,9780618640157,8
449,9781250301697,9
449,9780765326355,10
449,9780312924584,9
449,9780441569595,5
449,9780553103540,8
449,9780143113492,9
449,9780307341556,9
449,9780441478125,3
449,9780307454546,7
449,9780756404741,10
449,9780062693662,10
450,9781503278921,10
450,9780316017930,0
450,9780735211292,9
450,9780439023528,2
450,9781524763138,7
450,9780399590504,0
450,9780486282114,2
450,9780143113492,8
450,9780807014295,9
450,9780062316097,10
450,9780062457714,0
450,9780060850524,4
450,9780062407801,9
450,9780140280098,2
450,9780812981605,0
450,9780307352149,7
450,9780307454546,0
450,9780062024039,3
450,9780307341556,9
450,9780307588364,8
450,9780312924584,7
450,9780394758282,9
450,9780062073488,8
450,9781594634024,8
450,9781400079988,4
450,9780307474278,9
450,9780440212560,3
450,9780374533557,0
450,9780553380163,6
450,9780062693662,10
450,9781250301697,10
451,9780553283686,8
451,9780441172719,10
451,9780553380958,10
451,9780446605236,1
451,9780060850524,10
451,9780441569595,10
451,9780486415871,5
451,9780553293357,8
451,9780441478125,8
451,9780141439556,0
451,9780553418026,10
451,9780307887436,9
451,9781400033416,7
451,9780385737951,2
451,9780451524935,0
451,9780062316097,0
451,9780812550702,9
451,9780345391803,6
451,9780735211292,0
452,9780786838653,0
452,9780399590504,0
452,9780590353427,8
452,9780143124542,4
452,9780547928227,10
452,9780618640157,8
452,9780743273565,0
452,9780525478812,0
452,9780486415871,0
452,9780440180296,0
452,9780142437247,7
452,9780316769488,9
452,9781400079988,9
452,9780765326355,10
452,9780765311788,7
452,9780064404990,9
452,9780062259653,4
452,9780307454546,5
452,9780316017930,3
452,9780375826696,8
452,9780553103540,9
452,9780143035008,10
452,9780756404741,9
452,9780060935467,8
452,9780812548051,9
453,9780307743657,5
453,9780679732761,10
453,9780756404741,5
453,9780143035008,9
453,9780743273565,9
453,9780140280098,0
453,9780486415871,8
453,9780590353427,3
453,9780544336261,1
453,9780060935467,10
453,9781400079988,7
453,9780316769488,0
453,9780060883287,8
453,9781627792127,2
453,9780143039433,8
453,9780440180296,0
453,9781400033416,0
453,9780307474278,5
453,9780142437247,8
454,9780440212560,8
454,9780142437209,10
454,9781501110368,10
454,9780143124542,7
454,9780143039983,2
454,9780062407801,3
454,9780312674397,3
454,9780316015844,9
454,9780140280098,0
454,9780062693662,2
454,9780525478812,7
454,9780812981605,5
454,9780062094354,4
454,9780307472880,10
454,9780446605236,8
454,9780156029438,10
454,9780141439556,8
454,9780441569595,7
454,9780141439518,6
455,9781250012579,9
455,9780486266847,0
455,9781627792127,10
455,9780446605236,3
455,9780544336261,8
455,9780312674397,9
455,9781501156751,10
455,9780307743657,6
455,9780142410370,0
455,9780062024039,6
455,9781501142970,8
455,9780812548051,1
455,9780307743683,9
455,9780143039983,9
455,9780307474278,4
455,9780439023528,10
456,9780143113492,0
456,9780062316097,6
456,9780486411095,1
456,9780486282114,6
456,9780307743657,4
456,9780374533557,7
456,9780399590504,10
456,9780064404990,7
456,9780062457714,9
456,9780812981605,9
456,9780486266847,3
456,9780812550702,3
456,9780307352149,8
456,9780307454546,6
456,9780062407801,10
456,9780735211292,9
456,9780316017930,10
456,9780807014295,10
456,9781524763138,7
456,9780553380163,0
457,9780307887436,7
457,9780345391803,8
457,9780143113492,9
457,9780553283686,0
457,9780547928227,7
457,9780062073488,9
457,9780451524935,10
457,9780143124542,3
457,9780553293357,10
457,9780312924584,6
457,9780544336261,1
457,9780812550702,10
457,9780062693662,8
457,9780553380958,7
457,9780307588364,10
457,9780553418026,9
457,9781594634024,10
457,9780307341556,9
457,9780062094354,3
457,9780441569595,9
457,9780394758282,0
457,9781503278921,10
457,9780307454546,10
457,9780142410318,2
457,9780307474278,0
457,9780441478125,8
457,9780060850524,10
457,9780590353427,2
457,9781250301697,8
457,9780441172719,10
458,9780807014295,10
458,9780786838653,6
458,9780062457714,10
458,9780307352149,6
458,9780553380163,9
458,9780142437209,10
458,9780316015844,0
458,9780156029438,8
458,9780525478812,9
458,9780307472880,7
458,9780439023528,0
458,9780812981605,6
458,9780735211292,9
458,9780440212560,10
458,9780374533557,8
458,9780062316097,10
458,9780141439518,8
458,9780062094354,3
458,9780316017930,10
458,9781501110368,10
458,9780141439556,9
458,9780307588364,2
458,9781524763138,0
458,9780143124542,6
458,9780140280098,8
458,9780399590504,7
458,9780446605236,9
458,9780062407801,8
459,9780307341556,7
459,9780316017930,0
459,9781400033416,6
459,9780062457714,2
459,9780062073488,7
459,9780307588364,0
459,9780143113492,9
459,9781503278921,9
459,9780307474278,10
459,9780312924584,10
459,9781250301697,9
459,9780307454546,9
459,9780375869020,5
459,9780394758282,10
459,9780062693662,7
459,9780399590504,2
459,9781594634024,9
459,9780141439518,0
460,9780140280098,7
460,9780062073488,10
460,9780062693662,8
460,9780307341556,6
460,9781503278921,7
460,9780307454546,0
460,9781594634024,9
460,9780062407801,5
460,9781400033416,2
460,9780307588364,8
460,9780312924584,9
460,9780394758282,6
460,9780142410318,1
460,9780143113492,6
460,9780544336261,1
460,9780553103540,2
460,9780399590504,0
460,9780307474278,7
460,9781250301697,10
461,9780380729407,0
461,9780062316097,9
461,9780399590504,0
461,9780385737951,4
461,9780807014295,8
461,9780374533557,8
461,9781250301697,4
461,9780735211292,8
461,9781501110368,1
461,9780812981605,9
461,9780062407801,9
461,9780307352149,6
461,9780553380163,10
461,9781524763138,10
461,9780544336261,4
461,9780062457714,6
461,9780143039983,2
461,9780743273565,4
461,9781501156751,1
461,9780316017930,10
462,9781400033416,7
462,9780316769488,10
462,9780440180296,9
462,9780307588364,1
462,9780142437247,8
462,9780143039433,9
462,9780060935467,8
462,9780812550702,0
462,9780679732761,7
462,9780743273565,9
462,9780316017930,1
462,9780060883287,7
462,9780486415871,0
462,9780143035008,10
462,9780441478125,0
462,9780375826696,2
462,9781400079988,10
462,9780062024039,1
463,9780735211292,9
463,9780812981605,10
463,9780375869020,1
463,9780142437209,4
463,9780451524935,5
463,9780307588364,7
463,9780062407801,7
463,9781524763138,10
463,9780062457714,8
463,9780399590504,9
463,9780812548051,1
463,9780553380163,10
463,9780441172719,4
463,9780062316097,6
463,9780307352149,7
463,9780316017930,6
463,9780374533557,8
463,9780807014295,8
463,9780062259653,1
463,9781400033416,0
464,9781503278921,9
464,9780307588364,8
464,9780060850524,2
464,9780307341556,10
464,9780312924584,9
464,9780142410318,1
464,9780062693662,10
464,9780062073488,8
464,9780394758282,10
464,9780307474278,0
464,9780143113492,10
464,9780735211292,3
464,9781400079988,3
464,9781250301697,8
465,9780307352149,10
465,9780812981605,8
465,9780062407801,9
465,9780399590504,10
465,9780807014295,0
465,9780553380163,0
465,9780547928227,1
465,9780062316097,6
465,9780590353427,3
465,9780062457714,8
465,9780143039433,4
465,9781524763138,10
465,9780486411095,5
465,9780060850524,2
465,9780316017930,10
465,9780374533557,8
465,9780735211292,9
465,9780307743683,3
465,9781451696196,3
466,9780060935467,9
466,9780486415871,9
466,9780142437247,8
466,9780060883287,8
466,9780743273565,9
466,9780316769488,9
466,9780143035008,6
466,9781400033416,10
466,9780679732761,9
466,9780062407801,6
466,9780307743657,6
466,9781400079988,10
466,9780440414803,0
466,9780441172719,4
466,9780307352149,3
466,9780440180296,8
466,9780486282114,4
466,9780143039433,0
467,9781451696196,0
467,9781627792127,8
467,9780142410318,7
467,9780062094354,3
467,9780062024039,0
467,9780440212560,3
467,9780544336261,9
467,9780312674397,10
467,9780786838653,10
467,9780618640157,9
467,9780439023528,10
467,9781400079988,0
467,9780765326355,10
467,9780142410370,8
467,9780316015844,1
467,9780385737951,10
467,9781250012579,10
467,9780547928227,0
467,9780440414803,8
467,9780765311788,9
467,9780590353427,9
468,9780446605236,10
468,9780141439518,7
468,9781627792127,1
468,9780140280098,10
468,9780060935467,7
468,9780143124542,10
468,9780156029438,7
468,9780316015844,10
468,9780142437209,9
468,9780141439556,10
468,9781501110368,8
468,9780307472880,9
468,9780307743657,3
468,9780345391803,0
468,9780440212560,9
468,9780345337665,5
468,9781501156751,7
468,9780525478812,9
469,9780142437209,0
469,9780440212560,9
469,9780440180296,2
469,9780307588364,2
469,9780525478812,9
469,9780307472880,7
469,9781501110368,9
469,9780156029438,8
469,9781524763138,2
469,9780141439518,10
469,9780553380958,0
469,9780140280098,0
469,9780141439556,0
469,9780316015844,10
469,9780553418026,4
469,9780446605236,10
469,9780143124542,10
470,9780375826696,10
470,9780062024039,7
470,9780553103540,9
470,9780590353427,10
470,9780394758282,5
470,9780064404990,8
470,9780735211292,6
470,9780765326355,0
470,9780060935467,2
470,9780679879244,6
470,9780786838653,7
470,9781250301697,3
470,9780547928227,8
470,9780765311788,6
470,9780316017930,2
470,9780618640157,8
470,9780756404741,9
470,9780812548051,7
471,9780316015844,8
471,9780679732761,3
471,9780307472880,9
471,9780307341556,3
471,9780375826696,3
471,9780440212560,9
471,9780446605236,8
471,9780141439556,10
471,9780307588364,2
471,9780451524935,2
471,9780142437209,8
471,9780525478812,0
471,9780141439518,10
471,9780156029438,7
471,9780345337665,2
471,9780440414803,6
471,9780143124542,6
471,9780140280098,8
471,9781501110368,9
472,9780143124542,0
472,9780141439556,9
472,9780312924584,4
472,9780307472880,10
472,9780142437247,6
472,9780316015844,10
472,9780679879244,0
472,9780440180296,0
472,9780141439518,9
472,9780062024039,0
472,9780062094354,5
472,9780440212560,10
472,9781501110368,7
472,9780399590504,1
472,9780156029438,6
472,9780446605236,0
472,9780142437209,9
472,9780140280098,10
472,9780525478812,10
473,9780062024039,4
473,9780486415871,0
473,9780140280098,6
473,9780812550702,0
473,9780553380958,9
473,9780743273565,8
473,9780553283686,9
473,9780441569595,9
473,9780451524935,0
473,9780316769488,10
473,9780553293357,10
473,9780441172719,0
473,9780060850524,10
473,9780307887436,7
473,9780525478812,3
473,9780345391803,10
473,9781400079988,10
473,9780440180296,7
473,9780316017930,1
473,9780143035008,10
473,9781400033416,7
473,9780553418026,10
473,9780060935467,7
473,9780143039433,9
473,9780060883287,8
473,9780062316097,0
473,9780441478125,6
473,9780786838653,7
473,9780142437247,0
473,9780679732761,9
474,9781524763138,9
474,9780307352149,7
474,9780547928227,5
474,9780735211292,6
474,9781627792127,1
474,9780441172719,2
474,9780062316097,0
474,9780812550702,4
474,9780399590504,9
474,9780307472880,0
474,9780062457714,6
474,9780812981605,10
474,9780807014295,10
474,9780062094354,4
474,9780374533557,6
474,9780765311788,3
474,9780553380163,9
474,9780062407801,6
474,9780316017930,0
474,9781501142970,2
475,9780060935467,9
475,9780679732761,9
475,9781451696196,2
475,9780143039433,0
475,9780142410370,6
475,9780486415871,7
475,9780062316097,0
475,9780486282114,0
475,9781400033416,0
475,9780812550702,3
475,9781400079988,7
475,9780142437247,7
475,9780143039983,7
475,9780060883287,6
475,9780743273565,8
475,9780316769488,9
475,9780143035008,0
475,9780440180296,10
476,9780316017930,6
476,9780307454546,10
476,9780307588364,8
476,9780394758282,6
476,9780062693662,10
476,9780440180296,3
476,9780441172719,0
476,9780307341556,10
476,9780062073488,0
476,9780375869020,7
476,9780307474278,9
476,9781594634024,9
476,9780312924584,10
476,9781250301697,0
476,9781503278921,0
476,9780743273565,4
476,9780143113492,8
476,9780812550702,2
477,9780553380163,0
477,9780141439556,10
477,9780062457714,6
477,9780142437247,1
477,9780446605236,0
477,9780140280098,6
477,9780156029438,10
477,9780142437209,10
477,9780141439518,9
477,9780307352149,1
477,9780345391803,6
477,9780143124542,10
477,9781501110368,10
477,9780486415871,3
477,9781503278921,0
477,9780307472880,10
477,9780525478812,7
477,9780440212560,9
477,9780375826696,2
477,9780316015844,7
478,9780756404741,9
478,9780525478812,8
478,9780812548051,8
478,9780441478125,2
478,9780307472880,9
478,9780440212560,0
478,9780618640157,9
478,9780142437209,6
478,9780679879244,9
478,9780590353427,8
478,9780765311788,10
478,9780141439518,0
478,9780064404990,6
478,9780143113492,0
478,9780375869020,1
478,9780156029438,9
478,9780553103540,0
478,9780446605236,10
478,9780316017930,0
478,9780316015844,10
478,9780140280098,0
478,9780060883287,4
478,9780141439556,9
478,9780547928227,7
478,9780375826696,9
478,9780786838653,10
478,9781501110368,10
478,9780307474278,2
478,9780765326355,9
479,9780062693662,3
479,9780062259653,10
479,9780307743657,7
479,9780486411095,10
479,9780060883287,0
479,9780380729407,9
479,9780486266847,10
479,9781627792127,7
479,9780345337665,8
479,9781594634024,1
479,9780143039983,0
479,9780756404741,3
479,9781501142970,9
479,9780486282114,9
479,9780812550702,3
479,9780735211292,6
479,9780062094354,10
479,9781501156751,7
479,9780307743683,10
480,9781400033416,7
480,9780439023528,8
480,9780062024039,9
480,9780375869020,7
480,9781250012579,10
480,9780142410318,9
480,9780385737951,7
480,9780553380958,4
480,9780441172719,1
480,9780679732761,1
480,9780544336261,10
480,9780765326355,0
480,9780440212560,2
480,9781400079988,0
480,9781451696196,10
480,9781627792127,9
480,9780142410370,0
480,9780312674397,0
480,9780141439556,4
480,9780440414803,10
481,9780618640157,9
481,9780590353427,9
481,9780143039983,2
481,9780064404990,9
481,9780440180296,7
481,9780756404741,8
481,9780765311788,10
481,9780486266847,0
481,9780142437247,0
481,9780307474278,0
481,9780679879244,10
481,9780439023528,2
481,9780375826696,8
481,9780786838653,9
481,9780812548051,9
481,9781501110368,6
481,9780765326355,7
481,9780547928227,8
481,9780553103540,9
481,9780441569595,4
482,9780440180296,2
482,9780143124542,8
482,9780440212560,7
482,9780142437247,3
482,9780525478812,10
482,9780141439518,10
482,9780618640157,1
482,9780446605236,0
482,9780142437209,9
482,9781594634024,1
482,9780141439556,10
482,9780140280098,10
482,9780307472880,0
482,9780156029438,0
482,9781627792127,6
482,9780316015844,8
482,9781501110368,7
482,9780375869020,2
483,9780316769488,6
483,9780064404990,10
483,9780618640157,6
483,9780062457714,5
483,9780679879244,6
483,9780756404741,10
483,9780590353427,9
483,9780553293357,1
483,9780765311788,10
483,9780786838653,6
483,9780307454546,1
483,9780553103540,6
483,9780486282114,7
483,9780765326355,10
483,9780316015844,5
483,9781250012579,5
483,9780812548051,9
483,9780375826696,10
483,9780547928227,7
483,9780439023528,3
484,9780525478812,5
484,9780307887436,10
484,9780441569595,0
484,9781400079988,1
484,9780441478125,10
484,9780451524935,10
484,9780553293357,10
484,9780553380958,10
484,9780375826696,3
484,9780060850524,9
484,9780812550702,0
484,9780440180296,0
484,9780062316097,4
484,9780553283686,8
484,9780441172719,9
484,9780553418026,8
484,9780345391803,0
484,9780374533557,1
484,9780312674397,6
485,9780060850524,10
485,9780446605236,1
485,9780553293357,9
485,9780807014295,3
485,9780441478125,9
485,9780553418026,0
485,9780590353427,8
485,9780064404990,7
485,9780618640157,9
485,9780441172719,10
485,9781400033416,1
485,9780375826696,9
485,9780345391803,0
485,9780553103540,8
485,9780553283686,7
485,9780743273565,5
485,9781501110368,7
485,9780374533557,4
485,9780441569595,9
485,9780307887436,10
485,9780547928227,10
485,9780553380958,10
485,9780786838653,0
485,9780451524935,7
485,9780812550702,7
485,9780765311788,9
485,9780060935467,2
485,9780679879244,7
485,9780756404741,10
485,9780062259653,3
485,9780765326355,10
485,9780812548051,10
486,9780618640157,10
486,9780765326355,0
486,9780064404990,6
486,9780062316097,0
486,9780553380958,2
486,9780062073488,5
486,9780812548051,6
486,9780553103540,0
486,9780375826696,9
486,9780380729407,4
486,9780756404741,8
486,9780786838653,10
486,9780486266847,1
486,9780307472880,2
486,9780679879244,7
486,9780547928227,0
486,9780765311788,9
486,9780590353427,7
487,9781400033416,6
487,9780060850524,10
487,9780451524935,8
487,9780441478125,9
487,9780812550702,9
487,9781400079988,0
487,9780062457714,7
487,9780316769488,7
487,9780441172719,9
487,9780553283686,9
487,9780679732761,10
487,9780345391803,9
487,9780375826696,1
487,9780486282114,3
487,9780143035008,8
487,9780743273565,10
487,9780765311788,6
487,9780547928227,4
487,9780486415871,8
487,9780156029438,1
487,9780553418026,7
487,9780553380958,10
487,9780441569595,10
487,9780143039433,9
487,9781501142970,0
487,9780307887436,8
487,9780060935467,9
487,9780440180296,7
487,9780142437247,9
487,9781501156751,2
487,9780060883287,9
487,9780553293357,9
488,9781503278921,0
488,9780307454546,9
488,9780062024039,0
488,9780394758282,10
488,9780525478812,3
488,9781400033416,1
488,9780735211292,4
488,9781594634024,9
488,9781250301697,0
488,9780062693662,9
488,9780062073488,10
488,9780307588364,8
488,9780307474278,9
488,9780143035008,4
488,9780143113492,10
488,9780399590504,2
488,9780312924584,9
488,9780307341556,10
489,9780812548051,10
489,9780679879244,0
489,9780618640157,10
489,9780375826696,9
489,9780590353427,0
489,9780064404990,6
489,9780307454546,3
489,9780060883287,2
489,9780553380163,3
489,9780062407801,4
489,9781451696196,3
489,9780765326355,9
489,9780553103540,10
489,9781594634024,3
489,9780756404741,8
489,9780765311788,10
489,9780547928227,9
489,9780786838653,9
489,9780345391803,6
490,9780143039983,9
490,9781451696196,1
490,9780380729407,0
490,9780441172719,9
490,9780345391803,9
490,9780441569595,10
490,9780553293357,10
490,9780765326355,7
490,9780486282114,0
490,9781501156751,7
490,9780140280098,4
490,9781501142970,9
490,9780486411095,8
490,9780553380958,8
490,9780062259653,10
490,9780307743657,10
490,9780553283686,9
490,9780441478125,9
490,9780060850524,0
491,9781501156751,6
491,9780062693662,9
491,9780812981605,9
491,9780394758282,9
491,9780618640157,0
491,9780307454546,9
491,9781250301697,10
491,9780553380163,10
491,9781594634024,10
491,9780374533557,10
491,9780062073488,8
491,9780441569595,1
491,9780062316097,9
491,9780807014295,0
491,9780316017930,0
491,9780735211292,10
491,9780312924584,8
491,9781524763138,0
491,9780307352149,7
491,9780062407801,9
491,9780307474278,8
491,9780143113492,10
491,9780307341556,8
491,9780399590504,10
491,9780307588364,10
491,9780064404990,1
491,9780142437247,2
491,9781503278921,8
491,9780062457714,7
492,9780385737951,0
492,9780446605236,1
492,9780142410370,9
492,9780312674397,9
492,9780375869020,9
492,9781627792127,10
492,9780439023528,8
492,9781250012579,6
492,9780765311788,6
492,9780544336261,10
492,9780062024039,7
492,9781400079988,2
492,9781451696196,9
492,9780440414803,0
492,9780142410318,8
492,9781501156751,5
492,9780812548051,5
492,9781594634024,2
493,9780439023528,8
493,9780679732761,3
493,9780307887436,3
493,9780756404741,7
493,9781627792127,10
493,9780142410370,10
493,9780142410318,10
493,9780375869020,7
493,9781451696196,8
493,9780062024039,9
493,9781250012579,10
493,9780142437247,2
493,9780312674397,8
493,9780385737951,9
493,9780486282114,0
493,9780544336261,6
493,9780440414803,10
493,9780143124542,0
494,9780143039433,9
494,9780060883287,10
494,9780143124542,9
494,9780316769488,10
494,9780679732761,8
494,9780525478812,10
494,9780486415871,10
494,9780142437247,0
494,9780440212560,10
494,9781400033416,8
494,9780307472880,9
494,9780440180296,9
494,9780756404741,1
494,9780446605236,9
494,9781250012579,2
494,9780140280098,10
494,9780062316097,1
494,9780316015844,9
494,9780060935467,8
494,9780141439518,10
494,9781627792127,7
494,9780142437209,0
494,9781400079988,9
494,9780743273565,6
494,9780156029438,0
494,9780143035008,8
494,9781501110368,7
494,9780141439556,8
494,9780060850524,1
495,9780807014295,7
495,9780486415871,4
495,9780399590504,10
495,9780440212560,3
495,9780062407801,8
495,9780553380163,9
495,9780394758282,5
495,9780142410318,7
495,9780374533557,10
495,9780441172719,3
495,9780307352149,8
495,9780553418026,3
495,9780735211292,9
495,9780062316097,6
495,9781524763138,9
495,9780812981605,10
495,9780316017930,10
495,9780446605236,5
495,9780062457714,8
495,9780141439518,4
496,9780679732761,8
496,9780060883287,0
496,9780553293357,3
496,9781627792127,0
496,9780440180296,8
496,9780142437247,10
496,9780553103540,5
496,9781400079988,10
496,9780525478812,1
496,9780143039433,10
496,9780486415871,9
496,9780312924584,0
496,9780441569595,3
496,9780316769488,0
496,9780060935467,8
496,9781400033416,9
496,9780143035008,0
496,9780307341556,2
496,9780743273565,9
497,9780679732761,7
497,9780142437247,9
497,9780060883287,9
497,9780143039433,9
497,9780316769488,8
497,9781503278921,3
497,9780143035008,8
497,9780062073488,0
497,9780440180296,10
497,9780765326355,1
497,9780062693662,0
497,9781400033416,8
497,9780064404990,3
497,9780060935467,10
497,9780743273565,10
497,9781400079988,10
497,9780553293357,3
497,9780307743683,3
497,9780486415871,10
497,9780553380958,0
498,9780486411095,9
498,9780140280098,8
498,9780307472880,7
498,9780735211292,1
498,9780525478812,6
498,9780440212560,8
498,9780380729407,10
498,9780060935467,2
498,9780307743683,9
498,9780062259653,0
498,9780143039983,9
498,9780156029438,7
498,9780316015844,8
498,9780062407801,3
498,9780375826696,2
498,9780141439556,9
498,9780446605236,6
498,9780142437209,0
498,9781501156751,8
498,9780486282114,10
498,9781501110368,7
498,9780062094354,6
498,9780062693662,3
498,9781400033416,6
498,9780486266847,9
498,9781501142970,8
498,9780345337665,8
498,9780307743657,10
498,9780143124542,10
498,9780143039433,2
498,9780141439518,8
499,9781501142970,10
499,9780143039983,8
499,9780525478812,4
499,9780345337665,0
499,9780765311788,6
499,9780486266847,10
499,9781501110368,5
499,9780062094354,7
499,9780307743657,8
499,9780062259653,8
499,9780380729407,6
499,9780486411095,10
499,9780441172719,3
499,9781501156751,0
499,9780141439518,7
499,9780142410370,7
499,9780441569595,6
499,9780486282114,0
499,9780307743683,8
500,9780062407801,6
500,9780062457714,0
500,9781524763138,9
500,9780399590504,7
500,9780439023528,9
500,9780735211292,0
500,9780812981605,9
500,9780345337665,1
500,9781451696196,8
500,9780807014295,7
500,9780394758282,5
500,9780544336261,10
500,9780316017930,10
500,9780486282114,1
500,9780062024039,8
500,9781627792127,10
500,9780440414803,9
500,9780143035008,5
500,9780062316097,8
500,9780375869020,8
500,9780385737951,10
500,9780441172719,1
500,9780142410318,10
500,9780312674397,6
500,9780307352149,9
500,9781250012579,6
500,9780142410370,9
500,9780553380163,8
500,9780374533557,8
501,9780375826696,0
501,9780756404741,10
501,9780312924584,2
501,9780143039983,7
501,9780307743683,8
501,9780547928227,9
501,9780486411095,10
501,9780451524935,4
501,9780141439556,5
501,9780486282114,8
501,9780486266847,9
501,9780060935467,0
501,9780316017930,4
501,9781501156751,7
501,9780380729407,0
501,9780142410370,1
501,9780812548051,8
501,9780062259653,0
501,9780439023528,4
501,9780590353427,9
501,9780786838653,0
501,9780765311788,7
501,9781501142970,9
501,9780553103540,10
501,9780765326355,0
502,9780440180296,6
502,9780394758282,10
502,9780312924584,10
502,9781250301697,8
502,9780307474278,10
502,9780143113492,0
502,9780307341556,8
502,9780062693662,10
502,9781594634024,8
502,9780060850524,1
502,9780062073488,10
502,9780486411095,2
502,9780307588364,0
502,9780307454546,6
502,9781503278921,6
502,9780441478125,4
502,9780441172719,1
503,9780812548051,0
503,9780735211292,9
503,9780440414803,10
503,9780553103540,2
503,9780374533557,0
503,9780307352149,10
503,9780316017930,10
503,9781451696196,7
503,9780807014295,9
503,9781524763138,7
503,9780399590504,10
503,9780142410318,0
503,9780618640157,7
503,9780142410370,0
503,9780312674397,9
503,9780062457714,10
503,9781627792127,8
503,9780062024039,7
503,9780143124542,0
503,9780316015844,1
503,9780385737951,10
503,9780544336261,9
503,9780375869020,8
503,9780439023528,10
503,9780062316097,0
503,9780553380163,9
503,9780486282114,1
503,9780062407801,9
503,9780316769488,2
503,9780812981605,8
503,9781250012579,10
504,9780525478812,9
504,9781524763138,9
504,9780156029438,10
504,9780140280098,9
504,9780446605236,0
504,9780062316097,8
504,9780735211292,0
504,9780062457714,7
504,9780062407801,10
504,9780141439518,9
504,9780374533557,7
504,9780316015844,8
504,9780143124542,0
504,9780307454546,5
504,9780807014295,10
504,9780440212560,8
504,9780307352149,8
504,9780141439556,7
504,9780060935467,5
504,9780812981605,8
504,9781501110368,6
504,9780060883287,5
504,9780553380163,10
504,9780316017930,9
504,9780307474278,7
504,9780399590504,8
504,9780441172719,2
504,9781400079988,2
504,9780142437209,0
504,9780307472880,8
505,9780316769488,10
505,9780380729407,3
505,9780345391803,1
505,9780143039433,0
505,9780743273565,6
505,9780440180296,10
505,9780440414803,6
505,9780060883287,6
505,9780553293357,1
505,9781400033416,10
505,9780142437247,0
505,9781503278921,1
505,9780486415871,8
505,9781400079988,8
505,9780765311788,2
505,9780679732761,8
505,9780143035008,10
505,9780060935467,6
505,9780553283686,4
506,9780812550702,9
506,9780812981605,3
506,9780743273565,0
506,9780553283686,8
506,9780307454546,1
506,9780307887436,6
506,9780345391803,10
506,9780142437247,10
506,9780679732761,10
506,9780060850524,0
506,9780060883287,10
506,9780553293357,0
506,9780441172719,7
506,9781400033416,10
506,9780451524935,8
506,9780553418026,9
506,9780441478125,7
506,9780553380958,7
506,9780486415871,10
507,9780812548051,0
507,9780062407801,5
507,9780812550702,2
507,9780618640157,9
507,9780064404990,10
507,9780375826696,9
507,9780553283686,3
507,9780553103540,10
507,9780590353427,0
507,9780062457714,1
507,9780547928227,9
507,9780765326355,10
507,9780756404741,9
507,9780679879244,10
507,9780786838653,6
507,9780765311788,0
507,9780062073488,1
507,9781451696196,6
507,9781400079988,0
508,9781503278921,8
508,9780307588364,9
508,9780142437209,0
508,9780307341556,0
508,9780142437247,0
508,9781594634024,9
508,9780140280098,8
508,9780156029438,10
508,9781501110368,10
508,9780316015844,9
508,9780544336261,5
508,9780446605236,0
508,9780307474278,8
508,9780743273565,4
508,9780143113492,9
509,9780441569595,10
509,9780307887436,10
509,9780441172719,0
509,9780440180296,4
509,9780307743657,6
509,9780441478125,8
509,9780156029438,0
509,9780553418026,8
509,9780553380958,7
509,9780345391803,7
509,9780143124542,5
509,9780451524935,8
509,9780553293357,10
509,9781451696196,2
509,9780060935467,0
509,9780618640157,3
509,9780553283686,9
509,9780060850524,9
510,9780679732761,4
510,9780307352149,9
510,9780316017930,10
510,9780062094354,1
510,9780553380163,10
510,9780141439556,10
510,9780735211292,7
510,9780399590504,10
510,9780385737951,2
510,9781524763138,6
510,9780062407801,9
510,9780440212560,0
510,9780062316097,9
510,9780374533557,9
510,9780380729407,2
510,9780307472880,0
510,9780143124542,7
510,9780525478812,0
510,9780156029438,9
510,9780062457714,9
510,9780316015844,9
510,9780060850524,3
510,9780142437209,7
510,9780812981605,6
510,9781501110368,10
510,9780807014295,9
510,9780446605236,7
510,9780141439518,7
510,9780062024039,5
510,9780486282114,0
510,9780756404741,4
510,9780140280098,10
511,9780394758282,0
511,9780553418026,9
511,9780441569595,0
511,9780553293357,7
511,9780307588364,7
511,9781594634024,9
511,9780141439556,0
511,9780590353427,3
511,9780062693662,10
511,9780812550702,10
511,9780756404741,2
511,9780451524935,9
511,9780345391803,9
511,9780143113492,9
511,9780060850524,0
511,9780307474278,9
511,9780553380958,9
511,9780307887436,0
511,9780307454546,0
511,9780142410370,2
511,9780441478125,9
511,9780316015844,2
511,9780307341556,10
511,9780062073488,6
511,9780786838653,2
511,9781250301697,10
511,9781503278921,9
511,9780312924584,10
511,9780553283686,8
511,9780441172719,9
512,9780345391803,7
512,9781524763138,7
512,9780553380163,10
512,9780062407801,10
512,9780451524935,8
512,9780441569595,10
512,9780765326355,0
512,9781594634024,5
512,9780553283686,8
512,9780553380958,7
512,9780441478125,10
512,9780735211292,9
512,9780062457714,9
512,9780812981605,7
512,9780062024039,7
512,9780441172719,10
512,9780399590504,7
512,9780553418026,9
512,9780307352149,10
512,9780060850524,7
512,9780316017930,0
512,9780553293357,10
512,9781250301697,2
512,9780446605236,3
512,9780807014295,10
512,9780374533557,7
512,9780307743683,7
512,9780812550702,10
512,9780307588364,1
512,9780062316097,8
512,9780307887436,0
513,9780618640157,5
513,9781501142970,5
513,9781503278921,8
513,9780765311788,1
513,9780143113492,8
513,9780786838653,7
513,9780394758282,10
513,9780307474278,10
513,9780142410318,1
513,9780143124542,5
513,9780062073488,0
513,9780312924584,10
513,9781594634024,10
513,9780307588364,6
513,9780307454546,10
513,9780307341556,9
513,9780451524935,3
513,9780062693662,8
513,9781250012579,0
513,9781250301697,7
514,9780441172719,8
514,9780440180296,0
514,9780553283686,10
514,9780743273565,10
514,9780345391803,10
514,9780142437247,0
514,9780441478125,8
514,9780553380163,1
514,9780307887436,10
514,9780143035008,0
514,9780446605236,2
514,9781501156751,0
514,9780380729407,1
514,9780451524935,8
514,9780060883287,10
514,9780553418026,7
514,9780679732761,0
514,9780679879244,1
514,9780060935467,10
514,9780812550702,9
514,9780553380958,10
514,9780316769488,0
514,9780143039433,10
514,9780486282114,1
514,9780441569595,7
514,9780060850524,10
514,9781400033416,9
514,9781400079988,10
514,9780486415871,8
514,9780553293357,10
515,9780312924584,10
515,9780307474278,9
515,9780307454546,10
515,9780143113492,0
515,9780062073488,8
515,9781503278921,8
515,9780399590504,0
515,9780375826696,3
515,9780553103540,3
515,9780380729407,5
515,9780553380958,2
515,9780307588364,8
515,9780307341556,10
515,9780590353427,0
515,9781594634024,6
515,9781250301697,9
515,9780062693662,8
515,9780142437209,3
515,9780394758282,10
516,9780812550702,9
516,9780765311788,1
516,9780143035008,3
516,9780486282114,10
516,9781501142970,8
516,9780441569595,10
516,9780553380958,10
516,9780062259653,10
516,9780486266847,10
516,9780441172719,10
516,9780451524935,0
516,9780345391803,0
516,9780062094354,8
516,9780307743657,10
516,9780143039983,0
516,9780062407801,3
516,9780307743683,8
516,9781501156751,9
516,9780307887436,8
516,9780307474278,3
516,9780345337665,10
516,9780440212560,6
516,9780486411095,10
516,9780060850524,0
516,9780374533557,2
516,9780553283686,10
516,9780553293357,10
516,9780553418026,10
516,9780441478125,8
516,9780380729407,10
517,9780486266847,8
517,9780812548051,10
517,9781400079988,1
517,9780486411095,10
517,9780312924584,3
517,9780307743683,9
517,9780765311788,10
517,9780375826696,8
517,9780765326355,9
517,9780486282114,10
517,9780380729407,10
517,9780143113492,0
517,9780553103540,0
517,9780786838653,8
517,9780307743657,8
517,9780307588364,4
517,9780590353427,7
517,9780143039983,9
517,9780064404990,10
517,9780062259653,8
517,9780618640157,9
517,9780062094354,6
517,9781627792127,4
517,9780345337665,8
517,9780547928227,9
517,9780756404741,10
517,9780679879244,9
517,9781501142970,10
517,9781501156751,9
517,9781501110368,1
518,9780062316097,9
518,9780062457714,10
518,9780380729407,5
518,9780553380163,8
518,9780735211292,10
518,9780525478812,7
518,9780807014295,10
518,9780374533557,10
518,9780812981605,10
518,9780345391803,0
518,9780765311788,2
518,9781524763138,10
518,9780307352149,10
518,9780399590504,7
518,9780316017930,9
519,9780060935467,6
519,9780140280098,1
519,9780807014295,4
519,9781451696196,10
519,9781627792127,8
519,9780312924584,0
519,9780553380958,5
519,9780544336261,9
519,9780385737951,9
519,9780312674397,10
519,9780375869020,8
519,9780062024039,0
519,9780439023528,9
519,9781501110368,0
519,9781250012579,0
519,9780440414803,10
519,9780142410318,6
519,9780142410370,9
520,9780553103540,0
520,9780812981605,3
520,9780062407801,5
520,9781503278921,5
520,9780547928227,10
520,9780765326355,7
520,9780756404741,0
520,9780590353427,10
520,9780679879244,10
520,9780064404990,7
520,9780786838653,9
520,9780141439556,6
520,9780140280098,0
520,9781501156751,0
520,9780765311788,0
520,9780375826696,9
520,9780316769488,1
520,9780618640157,8
520,9780812548051,10
520,9780062316097,1
521,9781524763138,5
521,9780307887436,10
521,9780345391803,7
521,9780486411095,10
521,9780062094354,10
521,9781501156751,8
521,9780812981605,2
521,9780307743683,9
521,9780380729407,7
521,9780060850524,9
521,9780812550702,10
521,9780553293357,10
521,9780441478125,0
521,9780143039983,10
521,9780486266847,9
521,9780553380958,10
521,9780140280098,3
521,9780345337665,10
521,9781400033416,0
521,9780553418026,9
521,9780441172719,7
521,9780440180296,2
521,9780441569595,8
521,9780486282114,6
521,9780307743657,0
522,9780553380163,10
522,9780399590504,10
522,9780812981605,10
522,9780345337665,2
522,9780316017930,7
522,9781524763138,8
522,9780143124542,1
522,9780735211292,8
522,9780374533557,9
522,9780062316097,0
522,9780062457714,0
522,9780807014295,8
522,9780380729407,5
522,9781501142970,1
522,9780062073488,1
522,9780307352149,0
522,9780394758282,1
522,9780312924584,3
522,9780062407801,7
522,9781627792127,2
523,9781524763138,10
523,9780062316097,9
523,9780307588364,10
523,9780307341556,10
523,9780439023528,7
523,9780316017930,8
523,9780399590504,8
523,9780735211292,9
523,9780553380163,7
523,9780307454546,10
523,9781594634024,8
523,9781503278921,10
523,9780394758282,10
523,9780312924584,0
523,9780307474278,10
524,9780451524935,10
524,9780441478125,9
524,9780553380958,8
524,9780141439518,2
524,9780441172719,7
524,9780399590504,5
524,9780307472880,2
524,9780553283686,9
524,9780345391803,9
524,9780812550702,0
524,9780380729407,3
524,9780441569595,10
524,9781503278921,1
524,9780143124542,1
524,9780307887436,0
524,9780553293357,10
525,9780307743683,0
525,9780553103540,8
525,9780062316097,0
525,9780143039983,10
525,9780547928227,0
525,9780486266847,10
525,9780618640157,6
525,9780486282114,8
525,9780374533557,4
525,9780062693662,6
525,9780345337665,8
525,9780812548051,10
525,9780375869020,0
525,9780590353427,0
525,9781501156751,0
525,9780756404741,9
525,9780679879244,0
525,9780062259653,0
525,9780765311788,6
525,9781501142970,9
525,9781400033416,0
526,9780446605236,7
526,9780441569595,8
526,9780140280098,7
526,9780553283686,10
526,9780143124542,6
526,9780316015844,7
526,9781501110368,0
526,9780525478812,10
526,9780141439556,10
526,9780441478125,10
526,9780441172719,6
526,9780553380958,10
526,9780307887436,0
526,9780142437209,10
526,9780679732761,4
526,9780451524935,7
526,9780060850524,9
526,9780553418026,10
526,9780440212560,0
526,9780062316097,3
526,9780345391803,10
526,9780307454546,3
526,9780553293357,8
526,9780307472880,10
526,9780812550702,10
526,9780765311788,5
526,9780156029438,0
526,9780141439518,10
526,9780590353427,3
527,9780380729407,6
527,9780316769488,8
527,9781400079988,10
527,9780142437247,9
527,9780316017930,7
527,9780590353427,5
527,9781400033416,10
527,9780679732761,10
527,9780143039433,10
527,9780060883287,0
527,9781524763138,7
527,9780064404990,3
527,9780486415871,10
527,9780743273565,7
527,9780060935467,8
527,9780375869020,7
527,9780440180296,8
527,9780143035008,9
528,9780140280098,8
528,9780307472880,10
528,9780141439556,6
528,9780316769488,4
528,9780525478812,9
528,9780141439518,0
528,9780142437247,5
528,9780142437209,9
528,9781501110368,6
528,9780156029438,10
528,9780316015844,9
528,9780440212560,10
528,9780590353427,1
528,9780544336261,1
528,9780345391803,3
528,9780307352149,3
528,9780553283686,1
528,9780375869020,4
528,9780446605236,8
528,9780143124542,6
529,9780141439518,2
529,9780441478125,0
529,9781503278921,7
529,9780312924584,10
529,9780307474278,0
529,9780307341556,8
529,9780062693662,0
529,9780544336261,3
529,9780307588364,10
529,9781594634024,6
529,9780062073488,8
529,9780143113492,10
529,9780142410370,0
529,9781250301697,8
529,9780394758282,8
529,9780307454546,0
529,9780440414803,1
529,9780735211292,7
529,9781501110368,0
530,9780441478125,2
530,9780062407801,0
530,9780060850524,2
530,9780807014295,10
530,9780553293357,1
530,9780553418026,5
530,9780062457714,8
530,9780553380163,9
530,9780062316097,0
530,9780486415871,7
530,9780735211292,0
530,9780062693662,3
530,9780316017930,10
530,9781524763138,8
530,9780062024039,4
530,9780399590504,9
530,9780812981605,10
530,9780374533557,9
530,9780307454546,2
530,9780307352149,10
531,9780440180296,0
531,9780743273565,6
531,9780441172719,0
531,9780307588364,0
531,9780143124542,4
531,9780486282114,2
531,9780143039433,0
531,9781503278921,5
531,9780345337665,3
531,9780142437247,9
531,9780679732761,10
531,9780060883287,8
531,9781400033416,9
531,9780143035008,9
531,9780060935467,9
531,9780316769488,6
531,9781400079988,10
531,9780440414803,1
531,9780486415871,9
531,9780553380958,2
532,9780062024039,9
532,9780786838653,1
532,9780679879244,1
532,9781451696196,10
532,9780440414803,6
532,9780812981605,6
532,9781627792127,9
532,9780385737951,6
532,9780375869020,9
532,9780544336261,0
532,9780765326355,1
532,9780439023528,10
532,9780142410370,9
532,9780312674397,0
532,9781250012579,7
532,9781400033416,1
533,9780547928227,7
533,9780743273565,10
533,9780316769488,6
533,9780618640157,10
533,9780812981605,1
533,9780765311788,9
533,9780143039433,9
533,9780060935467,9
533,9780765326355,10
533,9780679732761,0
533,9780553103540,9
533,9780142437247,10
533,9780486266847,4
533,9780375826696,9
533,9780812548051,0
533,9780679879244,10
533,9780590353427,6
533,9780143035008,7
533,9781400079988,8
533,9780064404990,9
533,9780307474278,5
533,9780756404741,7
533,9781400033416,10
533,9780060883287,0
533,9780440180296,8
533,9780486415871,8
533,9780307341556,2
533,9780786838653,8
534,9780143039433,2
534,9780375826696,0
534,9780440414803,3
534,9781250301697,5
534,9780062094354,7
534,9780486282114,9
534,9780486411095,8
534,9781503278921,3
534,9781400079988,4
534,9780345337665,6
534,9780446605236,1
534,9780553283686,3
534,9781501156751,9
534,9780062259653,0
534,9780380729407,10
534,9780486266847,0
534,9780307743657,9
534,9781501142970,8
534,9780143039983,9
534,9780307743683,8
535,9780812548051,0
535,9780590353427,8
535,9780307887436,1
535,9781627792127,10
535,9780547928227,7
535,9780525478812,2
535,9780765311788,6
535,9780553103540,7
535,9780812981605,5
535,9780440414803,9
535,9780375826696,0
535,9780307352149,1
535,9780544336261,6
535,9781451696196,7
535,9780142410318,0
535,9780385737951,0
535,9780375869020,10
535,9781594634024,2
535,9780142410370,8
535,9780312674397,6
535,9780140280098,0
536,9780486266847,10
536,9780486282114,10
536,9780307743657,0
536,9780141439518,4
536,9780062094354,9
536,9780553293357,5
536,9780142410370,1
536,9780441569595,2
536,9780486411095,8
536,9780307743683,9
536,9780380729407,10
536,9780345337665,10
536,9780143039983,8
536,9780553103540,2
536,9781250012579,2
536,9781501142970,10
536,9780142437247,1
536,9781501156751,7
536,9780743273565,3
536,9780062259653,7
537,9780142410318,1
537,9780062259653,8
537,9780062693662,4
537,9780307743657,0
537,9780380729407,9
537,9780307743683,9
537,9780553380958,4
537,9780486411095,10
537,9780345337665,10
537,9780486266847,9
537,9780316015844,4
537,9780486282114,10
537,9780679732761,4
537,9781400079988,6
537,9780143039433,0
537,9781501156751,10
537,9781501142970,7
537,9780062094354,10
537,9780143039983,10
538,9780679732761,6
538,9781501142970,10
538,9780062259653,9
538,9780486411095,0
538,9780553293357,3
538,9780307743683,7
538,9780060883287,10
538,9781400033416,8
538,9780316769488,8
538,9780345337665,10
538,9781501156751,10
538,9780441172719,2
538,9780486266847,6
538,9780143035008,10
538,9780316015844,1
538,9780486415871,8
538,9780062094354,8
538,9780307743657,9
538,9780743273565,10
538,9780380729407,10
538,9780143039433,10
538,9781400079988,10
538,9780064404990,4
538,9780142437247,7
538,9780440180296,9
538,9780486282114,7
538,9780143039983,7
538,9780060935467,9
538,9781594634024,2
539,9780547928227,1
539,9780141439556,10
539,9780316015844,9
539,9780064404990,6
539,9780525478812,9
539,9780544336261,10
539,9780345391803,3
539,9780142410318,10
539,9780312674397,10
539,9781627792127,8
539,9780486411095,1
539,9780439023528,9
539,9780156029438,10
539,9780143035008,3
539,9780141439518,9
539,9780142437209,8
539,9780143124542,0
539,9780142410370,7
539,9780446605236,8
539,9780375869020,10
539,9780440212560,9
539,9780307472880,10
539,9780440414803,10
539,9781451696196,7
539,9781501110368,10
539,9780140280098,8
539,9780765326355,3
539,9780062024039,8
539,9780385737951,8
539,9781250012579,9
539,9780307588364,6
540,9780142410370,10
540,9781250012579,0
540,9780439023528,9
540,9780765311788,0
540,9781451696196,8
540,9780544336261,9
540,9780142410318,10
540,9781627792127,10
540,9780375869020,9
540,9780547928227,1
540,9780062024039,10
540,9780440414803,10
540,9780380729407,1
540,9780345337665,3
540,9780385737951,8
540,9780316769488,0
540,9780060850524,2
540,9780312674397,10
540,9780345391803,3
541,9780143035008,10
541,9780316769488,7
541,9780060935467,10
541,9780062259653,0
541,9780743273565,10
541,9780553103540,4
541,9780142437247,6
541,9781501110368,2
541,9780143039433,0
541,9781400033416,8
541,9781400079988,7
541,9780486415871,0
541,9780307474278,4
541,9780812981605,1
541,9780060883287,0
541,9780440180296,7
541,9780786838653,5
541,9780375826696,7
541,9780679732761,0
542,9780307743657,9
542,9781501142970,7
542,9780486411095,9
542,9780345337665,10
542,9780679732761,3
542,9780486282114,6
542,9780441569595,4
542,9780679879244,1
542,9780765326355,6
542,9780062259653,10
542,9781501156751,0
542,9780486266847,9
542,9780385737951,5
542,9780143039983,10
542,9780307743683,10
542,9781250301697,2
542,9780553103540,1
542,9780062094354,10
542,9780380729407,9
543,9780375869020,0
543,9781451696196,10
543,9780142410370,0
543,9781250012579,8
543,9780385737951,0
543,9780312924584,3
543,9780439023528,9
543,9780142410318,10
543,9781594634024,0
543,9780307887436,2
543,9780307588364,3
543,9780062024039,10
543,9780553418026,2
543,9780312674397,7
544,9780374533557,2
544,9780307743683,10
544,9780446605236,3
544,9780316015844,2
544,9780062094354,9
544,9780812548051,1
544,9781594634024,5
544,9780143039983,8
544,9780345337665,7
544,9780486266847,6
544,9780142410370,3
544,9781501156751,10
544,9780486411095,9
544,9780440414803,1
544,9780307743657,10
544,9780812981605,4
544,9781501142970,10
544,9780380729407,9
544,9780062259653,9
544,9780486282114,9
545,9780440180296,8
545,9780064404990,2
545,9780062693662,5
545,9780060883287,9
545,9780440212560,4
545,9780316769488,8
545,9781400033416,9
545,9780143035008,10
545,9780307743657,7
545,9780486415871,10
545,9780142437247,10
545,9780060935467,6
545,9780312674397,7
545,9781501142970,1
545,9780743273565,10
545,9780679732761,0
545,9781400079988,8
545,9780143039433,9
545,9780486282114,6
546,9780307352149,9
546,9780374533557,10
546,9780486282114,7
546,9780345391803,0
546,9781524763138,0
546,9780735211292,0
546,9780812981605,0
546,9780486415871,5
546,9780062457714,0
546,9780316769488,3
546,9780062316097,10
546,9780316017930,9
546,9780553380163,9
546,9781594634024,7
546,9780062407801,9
546,9780399590504,10
546,9780385737951,1
546,9780807014295,9
547,9781400079988,10
547,9780062073488,5
547,9780525478812,0
547,9780441569595,1
547,9780143039983,0
547,9780679732761,8
547,9780060935467,8
547,9780486415871,0
547,9780143035008,10
547,9780142437209,0
547,9780060883287,10
547,9780143039433,8
547,9780142437247,7
547,9780316769488,9
547,9781400033416,0
547,9780440180296,9
547,9780399590504,3
548,9781627792127,0
548,9780142410370,10
548,9781250012579,8
548,9780375869020,10
548,9780385737951,9
548,9780143124542,2
548,9780143113492,4
548,9780142410318,8
548,9780062024039,8
548,9780446605236,1
548,9780440414803,10
548,9780312674397,10
548,9780544336261,7
548,9780486415871,6
548,9780439023528,10
548,9780807014295,3
548,9781451696196,9
548,9781594634024,1
548,9780062094354,0
549,9780440414803,10
549,9780385737951,9
549,9780375869020,10
549,9780440212560,5
549,9780142410370,7
549,9780060935467,9
549,9780060883287,10
549,9780142437247,9
549,9780439023528,10
549,9780062693662,2
549,9780062024039,9
549,9781250012579,10
549,9780143035008,9
549,9780812548051,2
549,9780743273565,7
549,9780312674397,10
549,9780679732761,7
549,9780316769488,0
549,9780374533557,4
549,9781627792127,10
549,9780486415871,10
549,9781400079988,7
549,9781400033416,10
549,9780399590504,0
549,9780142410318,9
549,9780312924584,6
549,9781451696196,10
550,9780544336261,10
550,9781451696196,7
550,9781400033416,0
550,9780812981605,1
550,9780375869020,0
550,9781627792127,8
550,9780385737951,10
550,9781501156751,2
550,9780062024039,0
550,9780142437209,4
550,9780307352149,0
550,9780312674397,7
550,9780142410370,9
550,9780142437247,5
550,9781250012579,10
550,9780439023528,10
550,9780553380163,2
550,9780440414803,0
550,9780142410318,0
551,9780316769488,10
551,9780679732761,0
551,9780440180296,0
551,9780765326355,3
551,9780141439556,10
551,9780156029438,10
551,9780544336261,3
551,9780486266847,5
551,9781501110368,0
551,9781400033416,10
551,9780142437209,10
551,9780380729407,6
551,9780143035008,6
551,9780060935467,9
551,9780141439518,8
552,9781451696196,1
552,9780141439556,1
552,9780062073488,7
552,9780142437209,1
552,9780307474278,8
552,9780312924584,0
552,9780307454546,9
552,9781250301697,10
552,9780316015844,4
552,9780394758282,9
552,9780143113492,0
552,9780553418026,2
552,9781594634024,0
552,9780307341556,10
552,9780062693662,0
552,9780307588364,7
552,9780375869020,2
552,9781503278921,6
553,9780553380958,10
553,9780441569595,8
553,9780345391803,8
553,9780142437209,10
553,9781501110368,10
553,9780553418026,9
553,9780451524935,6
553,9780140280098,10
553,9780446605236,0
553,9780441172719,10
553,9780060850524,10
553,9780307743657,2
553,9780141439518,6
553,9780812981605,4
553,9780812550702,8
553,9780143124542,0
553,9780316015844,10
554,9780307743657,10
554,9780143039983,8
554,9781501156751,8
554,9780345337665,9
554,9780062094354,10
554,9780486282114,8
554,9780307743683,9
554,9780765311788,1
554,9781503278921,0
554,9780812548051,2
554,9780142410370,4
554,9780062259653,6
554,9780307472880,3
554,9781451696196,1
554,9780062316097,1
554,9780486411095,6
554,9780380729407,10
554,9780486266847,8
554,9781501142970,9
555,9780316769488,10
555,9780743273565,0
555,9780380729407,1
555,9780756404741,3
555,9780679732761,10
555,9780060883287,9
555,9780486266847,2
555,9780441172719,0
555,9780140280098,1
555,9781400079988,0
555,9780143039433,9
555,9780486415871,10
555,9781400033416,10
555,9780143035008,9
555,9780060935467,9
555,9780142437247,9
555,9780440180296,7
555,9780143113492,0
555,9781250301697,0
556,9780143039983,0
556,9780142410370,6
556,9780062024039,0
556,9780544336261,6
556,9781627792127,9
556,9781501156751,1
556,9780140280098,6
556,9780385737951,10
556,9780142410318,9
556,9781451696196,9
556,9780312674397,0
556,9780786838653,1
556,9780399590504,1
556,9780062457714,4
556,9780439023528,0
556,9780375869020,9
556,9780440414803,7
556,9781250012579,6
556,9780486266847,3
557,9780142437209,8
557,9780141439518,9
557,9781501110368,9
557,9780553103540,0
557,9780446605236,10
557,9780679879244,9
557,9780547928227,9
557,9780307743657,2
557,9780679732761,1
557,9780618640157,0
557,9780525478812,8
557,9780375826696,10
557,9780316015844,10
557,9780140280098,9
557,9780765311788,8
557,9780064404990,6
557,9780765326355,8
557,9780156029438,7
557,9780440212560,10
557,9780756404741,10
557,9780141439556,9
557,9780307352149,2
557,9780307472880,10
557,9780143124542,7
557,9780786838653,6
557,9780812548051,9
557,9781501142970,1
557,9780441478125,4
557,9780590353427,10
558,9780553283686,8
558,9780307352149,8
558,9780679732761,0
558,9780441478125,9
558,9780062457714,9
558,9780394758282,6
558,9780062407801,9
558,9780807014295,8
558,9780441172719,10
558,9780553293357,6
558,9780060850524,9
558,9780440414803,5
558,9780345391803,10
558,9780553380958,0
558,9780316017930,10
558,9780553418026,10
558,9780735211292,9
558,9781501156751,2
558,9781250301697,2
558,9780399590504,10
558,9780440212560,5
558,9780307887436,9
558,9780374533557,10
559,9780394758282,0
559,9780375869020,7
559,9780440414803,8
559,9781627792127,8
559,9780142410318,10
559,9781501142970,5
559,9781400079988,4
559,9780439023528,6
559,9781250012579,10
559,9780312674397,0
559,9780062024039,0
559,9781451696196,7
559,9781400033416,5
559,9780544336261,8
559,9780385737951,9
559,9780440212560,3
559,9780143039983,0
559,9780142410370,9
559,9780345337665,2
559,9780553293357,5
560,9781250012579,9
560,9780062024039,10
560,9780440180296,1
560,9780143113492,0
560,9780440414803,9
560,9780439023528,9
560,9780142410318,9
560,9780553418026,0
560,9780142410370,9
560,9781451696196,8
560,9781627792127,6
560,9780312674397,10
560,9780375869020,10
560,9780380729407,3
560,9780544336261,6
560,9780807014295,1
560,9780385737951,10
560,9780440212560,3
561,9780441569595,1
561,9780440414803,10
561,9780812548051,2
561,9780544336261,6
561,9780743273565,4
561,9781250012579,0
561,9780142410370,9
561,9780385737951,8
561,9780375869020,0
561,9780439023528,0
561,9781627792127,9
561,9780142410318,10
561,9780486266847,4
561,9781503278921,5
561,9780062024039,8
561,9781451696196,9
561,9780312674397,7
561,9780143113492,4
561,9780394758282,3
562,9780765311788,0
562,9780316017930,8
562,9781524763138,9
562,9780307352149,10
562,9780062316097,9
562,9780399590504,0
562,9780062407801,8
562,9780812550702,0
562,9780486411095,1
562,9780544336261,4
562,9780374533557,9
562,9780307743657,3
562,9780735211292,9
562,9780807014295,10
562,9780307588364,6
562,9780553380163,10
562,9780394758282,4
562,9780062457714,8
562,9780812981605,8
563,9780553103540,1
563,9780486415871,10
563,9780735211292,0
563,9780143035008,10
563,9780553380163,0
563,9780807014295,8
563,9781524763138,7
563,9780743273565,9
563,9780060883287,9
563,9781400033416,0
563,9780316017930,10
563,9780141439556,0
563,9780440180296,10
563,9780316769488,0
563,9780374533557,10
563,9780399590504,9
563,9780060935467,6
563,9780679732761,9
563,9780307352149,6
563,9780062457714,9
563,9780307454546,0
563,9781400079988,9
563,9780143039433,10
563,9780062407801,10
563,9781594634024,2
563,9780062316097,10
563,9780812981605,7
563,9780307472880,2
563,9780142437247,9
563,9780307743683,3
564,9780446605236,7
564,9780141439556,10
564,9780060883287,10
564,9780142437209,10
564,9780140280098,10
564,9781400033416,9
564,9780156029438,9
564,9780440212560,0
564,9780143039433,9
564,9780486411095,7
564,9780143035008,9
564,9780812550702,0
564,9780307341556,4
564,9780141439518,10
564,9780486415871,8
564,9780316015844,7
564,9780525478812,10
564,9780679732761,0
564,9781400079988,9
564,9781501156751,5
564,9780142437247,10
564,9780143124542,10
564,9780765311788,2
564,9780307472880,6
564,9780440180296,10
564,9780743273565,7
564,9781501110368,6
564,9780060935467,8
564,9780316769488,8
565,9780679732761,1
565,9780812550702,8
565,9780553293357,8
565,9780307743683,9
565,9780486282114,8
565,9780345337665,10
565,9780307743657,8
565,9780553418026,9
565,9781501142970,10
565,9780064404990,2
565,9780553380958,0
565,9780441478125,8
565,9781501156751,9
565,9780441569595,8
565,9780143039983,7
565,9780375869020,4
565,9780060850524,9
565,9780553283686,10
565,9780312674397,5
565,9781594634024,5
565,9780441172719,0
565,9780062316097,2
565,9780307887436,8
565,9780451524935,6
565,9780486266847,8
565,9780380729407,9
565,9780062259653,7
565,9780062094354,7
565,9780345391803,8
565,9780486411095,6
566,9780307743683,0
566,9780756404741,2
566,9781501156751,9
566,9780062259653,9
566,9780486266847,10
566,9781501142970,8
566,9781400079988,1
566,9780143039983,0
566,9780062094354,9
566,9780812981605,7
566,9780307743657,10
566,9780345337665,9
566,9780486282114,10
566,9780486411095,0
566,9780142437247,2
566,9780380729407,7
566,9780544336261,2
566,9781627792127,3
566,9780374533557,0
567,9780590353427,4
567,9780060935467,9
567,9780143035008,0
567,9780143039433,9
567,9781400079988,10
567,9780142437209,2
567,9780812981605,2
567,9780812548051,5
567,9780440180296,8
567,9780451524935,0
567,9780786838653,2
567,9780441478125,1
567,9780316769488,0
567,9780142437247,0
567,9780486415871,8
567,9780743273565,9
567,9781400033416,0
567,9780060883287,8
567,9780679732761,7
568,9780060935467,10
568,9780486415871,6
568,9780679732761,9
568,9780440180296,10
568,9780765326355,1
568,9781451696196,7
568,9780060883287,9
568,9780143124542,7
568,9780307341556,2
568,9780743273565,8
568,9780143039433,10
568,9780316769488,9
568,9780143035008,7
568,9780142437247,9
568,9781400079988,9
568,9781524763138,0
568,9781400033416,10
568,9780679879244,2
568,9780307472880,1
569,9780380729407,2
569,9780812550702,8
569,9780553418026,9
569,9780307341556,7
569,9780307887436,0
569,9781503278921,7
569,9780553293357,9
569,9780440212560,4
569,9780307588364,9
569,9780394758282,10
569,9781594634024,6
569,9780141439518,0
569,9780553380958,7
569,9780553283686,0
570,9780486266847,5
570,9780307341556,7
570,9780307454546,10
570,9780441569595,3
570,9780141439556,10
570,9780307887436,5
570,9780446605236,10
570,9780312674397,1
570,9780142437209,0
570,9780141439518,10
570,9780143113492,10
570,9781501110368,0
570,9780440212560,10
570,9780156029438,10
570,9780140280098,10
570,9780525478812,6
570,9781594634024,6
570,9780786838653,3
570,9781250301697,0
570,9780143124542,10
570,9781503278921,8
570,9780394758282,9
570,9780307588364,8
570,9780307474278,9
570,9780143039433,6
570,9780307472880,10
570,9780316015844,0
570,9780062073488,6
571,9780440180296,10
571,9780143035008,10
571,9780547928227,10
571,9780679879244,10
571,9780765326355,9
571,9780142437209,1
571,9780486415871,8
571,9781400079988,10
571,9780440212560,1
571,9780618640157,10
571,9780553293357,2
571,9780142437247,10
571,9780064404990,0
571,9780756404741,0
571,9780375826696,9
571,9780812548051,7
571,9781400033416,10
571,9780316769488,9
571,9780765311788,9
571,9780062457714,5
571,9780060883287,8
571,9780743273565,8
571,9780679732761,9
571,9780590353427,10
571,9780553103540,9
571,9780060935467,8
571,9780786838653,0
571,9780141439556,1
571,9780143039433,10
572,9780062024039,8
572,9780679732761,6
572,9780375826696,10
572,9780375869020,8
572,9780786838653,8
572,9780547928227,10
572,9780765326355,8
572,9780142410318,8
572,9780590353427,9
572,9781627792127,7
572,9780312674397,8
572,9780553283686,3
572,9780618640157,9
572,9780439023528,10
572,9780765311788,9
572,9780060935467,4
572,9780544336261,9
572,9780812548051,10
572,9781451696196,9
573,9780765311788,7
573,9780812981605,3
573,9780062024039,9
573,9780679732761,5
573,9780439023528,6
573,9780385737951,0
573,9780142410318,10
573,9780142410370,7
573,9780440414803,10
573,9780375869020,6
573,9780544336261,8
573,9780312674397,9
573,9780062316097,6
573,9780440180296,7
573,9781250012579,7
573,9781627792127,0
573,9781451696196,8
574,9780316769488,3
574,9781503278921,10
574,9780394758282,9
574,9781594634024,9
574,9780307474278,7
574,9780142410318,1
574,9780679732761,7
574,9780399590504,5
574,9780307588364,9
574,9780307341556,0
574,9780312674397,4
574,9780307454546,7
574,9781250301697,10
574,9780062693662,6
574,9780062094354,2
574,9780312924584,8
574,9780062073488,10
574,9780385737951,1
574,9780735211292,5
574,9780143113492,0
575,9780062094354,5
575,9780618640157,10
575,9780553103540,9
575,9781501110368,10
575,9780525478812,8
575,9780064404990,10
575,9780307472880,9
575,9780141439556,10
575,9780786838653,6
575,9780141439518,10
575,9780812548051,9
575,9780547928227,9
575,9780679879244,10
575,9780143124542,10
575,9780743273565,5
575,9780375826696,0
575,9780142410370,4
575,9780765311788,10
575,9780140280098,10
575,9780446605236,8
575,9780590353427,9
575,9780156029438,10
575,9780440212560,8
575,9780765326355,7
575,9780316769488,1
575,9780316015844,9
575,9780142437209,0
575,9780756404741,6
576,9780307352149,0
576,9780618640157,2
576,9780143035008,9
576,9780060883287,10
576,9780375826696,4
576,9780743273565,9
576,9780060935467,10
576,9781501156751,2
576,9780486415871,10
576,9780316769488,9
576,9781400033416,10
576,9780440180296,10
576,9781594634024,0
576,9780143039433,8
576,9780142437247,0
576,9780142437209,6
577,9780062073488,10
577,9780679879244,10
577,9780394758282,7
577,9780812548051,6
577,9780786838653,9
577,9780765311788,8
577,9780743273565,5
577,9781503278921,0
577,9780375826696,8
577,9780385737951,5
577,9780143124542,3
577,9780547928227,9
577,9780765326355,8
577,9780307341556,9
577,9781250301697,9
577,9780062693662,10
577,9780307454546,10
578,9780812548051,9
578,9780312924584,9
578,9780062073488,0
578,9780765326355,0
578,9781503278921,9
578,9780394758282,8
578,9781250301697,10
578,9780786838653,10
578,9780064404990,7
578,9780590353427,0
578,9780679879244,10
578,9780385737951,7
578,9780307341556,6
578,9780553103540,10
578,9780547928227,8
578,9781594634024,9
578,9780618640157,0
578,9780446605236,6
578,9780307474278,0
578,9780756404741,9
578,9780307454546,7
578,9780375826696,8
578,9780142410318,5
578,9780307588364,8
578,9780143113492,6
578,9780062024039,3
578,9780062693662,9
579,9780142410370,2
579,9780807014295,9
579,9780486266847,7
579,9780399590504,10
579,9780142437209,0
579,9780735211292,9
579,9780316017930,9
579,9780062457714,9
579,9780553380958,1
579,9780441172719,2
579,9780374533557,0
579,9780062407801,8
579,9780062316097,0
579,9780553380163,10
579,9780316769488,3
579,9781524763138,8
579,9780812981605,0
579,9780312924584,4
579,9780307352149,10
580,9780441569595,3
580,9780345391803,5
580,9780394758282,0
580,9781400033416,0
580,9780743273565,9
580,9780143039433,10
580,9780143035008,9
580,9780060883287,9
580,9780316769488,7
580,9780440180296,8
580,9780486415871,9
580,9780142437247,10
580,9780679732761,9
580,9780060935467,9
580,9780141439518,1
580,9780060850524,1
580,9781400079988,10
580,9780143113492,1
580,9781501156751,4
581,9780394758282,10
581,9780062073488,0
581,9780440212560,0
581,9780553380958,1
581,9780060850524,7
581,9781503278921,10
581,9780143113492,9
581,9780307454546,10
581,9780062693662,10
581,9780451524935,0
581,9780307341556,8
581,9780142410370,7
581,9780307472880,0
581,9780307474278,9
581,9780312924584,0
581,9781250301697,10
581,9780307588364,10
581,9780143039433,4
581,9781594634024,8
581,9780486282114,0
582,9780441478125,0
582,9780451524935,6
582,9780441172719,9
582,9780062073488,10
582,9780143113492,10
582,9780062693662,10
582,9781503278921,9
582,9780307887436,0
582,9780380729407,1
582,9780060850524,6
582,9781594634024,6
582,9780375869020,3
582,9780441569595,7
582,9780307474278,9
582,9780307341556,9
582,9780553418026,8
582,9780553380958,0
582,9780307588364,10
582,9781501110368,7
582,9780345391803,0
582,9780553293357,0
582,9780312924584,10
582,9780812550702,7
582,9780140280098,5
582,9780553283686,8
582,9781250301697,7
582,9780394758282,8
582,9780307454546,10
583,9780140280098,4
583,9780486411095,10
583,9780307743657,0
583,9780380729407,9
583,9780062259653,0
583,9780486282114,10
583,9780307743683,8
583,9780440414803,1
583,9780307352149,2
583,9780143039983,10
583,9780375869020,0
583,9780486266847,10
583,9780312674397,4
583,9781501156751,0
583,9780062094354,8
583,9780345337665,9
583,9780307588364,3
583,9781501142970,9
583,9780312924584,1
584,9780307743657,6
584,9780807014295,9
584,9780486411095,10
584,9780060935467,7
584,9780440414803,4
584,9781451696196,4
584,9780307743683,10
584,9780307352149,10
584,9780062457714,9
584,9780399590504,0
584,9780307341556,2
584,9780062407801,10
584,9780553380163,0
584,9781501142970,9
584,9780735211292,0
584,9780486266847,8
584,9781524763138,10
584,9780062259653,9
584,9780316017930,10
584,9780374533557,6
584,9780812981605,8
584,9781501156751,6
584,9780380729407,9
584,9780486282114,0
584,9780143039983,10
584,9780062316097,0
584,9780142437209,5
584,9780345337665,9
584,9780375869020,2
584,9780062094354,8
585,9780441172719,10
585,9780307474278,3
585,9780345337665,7
585,9780441478125,9
585,9780590353427,3
585,9780547928227,2
585,9780307743683,9
585,9780743273565,2
585,9780307472880,1
585,9780307743657,10
585,9781501142970,10
585,9780553283686,7
585,9780307887436,10
585,9780062259653,7
585,9780812550702,0
585,9780451524935,0
585,9780553418026,8
585,9780385737951,2
585,9780441569595,8
585,9780486282114,8
585,9780062094354,9
585,9780143039983,8
585,9780553293357,8
585,9780486266847,0
585,9780064404990,2
585,9780553380958,10
585,9781501156751,7
585,9780486411095,0
585,9780380729407,8
585,9780060850524,0
585,9780345391803,0
586,9780812548051,0
586,9780312674397,0
586,9780375826696,9
586,9781627792127,8
586,9780440414803,8
586,9781451696196,9
586,9780590353427,10
586,9780765311788,9
586,9781250012579,10
586,9780756404741,9
586,9780375869020,9
586,9780142410318,8
586,9780142410370,10
586,9780062024039,10
586,9780544336261,8
586,9780679879244,7
586,9780553380163,1
586,9780385737951,9
586,9780547928227,8
586,9780307352149,2
587,9780307887436,10
587,9780486415871,9
587,9780553293357,0
587,9780060883287,0
587,9780553380958,9
587,9780451524935,10
587,9780345391803,8
587,9780062073488,2
587,9780316769488,8
587,9780312674397,2
587,9780679732761,7
587,9781400033416,8
587,9780143039433,10
587,9780399590504,2
587,9781400079988,7
587,9780441172719,0
587,9780812550702,7
587,9780316017930,2
587,9780142437247,7
587,9780440180296,9
587,9780060850524,9
587,9780441478125,0
587,9780440414803,1
587,9780062259653,0
587,9780060935467,10
587,9780553418026,0
587,9780553283686,7
587,9780743273565,6
587,9781524763138,3
587,9780441569595,8
587,9780143035008,8
588,9780385737951,10
588,9780439023528,8
588,9781627792127,9
588,9780544336261,10
588,9780307472880,2
588,9780312674397,10
588,9780345337665,3
588,9780062024039,6
588,9780142437247,1
588,9780142410318,8
588,9780394758282,3
588,9780380729407,2
588,9781451696196,10
588,9781250301697,5
588,9780375869020,6
588,9781250012579,7
588,9780142410370,0
588,9780440414803,6
589,9780143039433,7
589,9780060935467,8
589,9780316769488,9
589,9780525478812,2
589,9780812981605,1
589,9780679732761,8
589,9780765311788,2
589,9780486415871,8
589,9781501142970,3
589,9780312674397,7
589,9780743273565,8
589,9780143035008,8
589,9780142437247,9
589,9780060883287,6
589,9781400033416,8
589,9780440180296,10
589,9781400079988,10
589,9780307887436,5
590,9780156029438,7
590,9780142437209,8
590,9780141439518,9
590,9780553380163,5
590,9780140280098,0
590,9780446605236,10
590,9780525478812,10
590,9780553283686,2
590,9780307472880,0
590,9781503278921,0
590,9780440212560,9
590,9780590353427,7
590,9780316015844,0
590,9781501110368,0
590,9780618640157,4
590,9780380729407,2
590,9780143124542,0
590,9780141439556,7
590,9780756404741,1
591,9780062094354,0
591,9780553380958,7
591,9780679732761,2
591,9780486266847,9
591,9780786838653,3
591,9780062259653,6
591,9780307743657,10
591,9780143039983,9
591,9781524763138,3
591,9780486282114,8
591,9780307743683,6
591,9780345337665,9
591,9781501142970,0
591,9780380729407,0
591,9780486411095,10
591,9781501156751,7
591,9780743273565,6
591,9780812550702,2
591,9780316769488,4
592,9780312924584,7
592,9780143113492,8
592,9780394758282,10
592,9780307352149,7
592,9780380729407,4
592,9780142410370,4
592,9780307341556,0
592,9780062073488,0
592,9781594634024,10
592,9780062693662,8
592,9780553418026,5
592,9780553380163,4
592,9781503278921,8
592,9780060850524,2
592,9781250301697,9
592,9780307454546,10
592,9780307474278,10
592,9780307588364,10
592,9780807014295,3
593,9780812550702,5
593,9780062407801,10
593,9781400079988,3
593,9780735211292,6
593,9781524763138,7
593,9780307352149,9
593,9780399590504,10
593,9780756404741,1
593,9781503278921,3
593,9780553380958,1
593,9780553380163,10
593,9780316017930,8
593,9780807014295,8
593,9780062457714,10
593,9780062316097,9
593,9780812981605,8
593,9780374533557,9
593,9780486415871,1
594,9780142437209,9
594,9780440212560,9
594,9780156029438,10
594,9780316015844,10
594,9781501110368,9
594,9780525478812,6
594,9780439023528,5
594,9780141439556,8
594,9780345337665,5
594,9780142410318,1
594,9780380729407,2
594,9780812548051,2
594,9780143124542,9
594,9780307472880,8
594,9780765326355,4
594,9780446605236,10
594,9780140280098,8
594,9780141439518,0
594,9780307743657,0
595,9781451696196,4
595,9780618640157,0
595,9780345337665,10
595,9780590353427,10
595,9780486282114,0
595,9780765326355,10
595,9780553103540,10
595,9780380729407,9
595,9780553418026,1
595,9780062259653,0
595,9780486266847,8
595,9780756404741,6
595,9781250012579,3
595,9780812981605,4
595,9780786838653,6
595,9780486411095,7
595,9780679879244,0
595,9780062094354,8
595,9780765311788,10
595,9780547928227,9
595,9780307454546,0
595,9781501156751,8
595,9780062457714,1
595,9780307743683,0
595,9780812548051,10
595,9780441478125,7
595,9781501142970,0
595,9780143039983,8
595,9780375826696,0
595,9780307743657,0
595,9780064404990,9
596,9780143124542,10
596,9781501110368,8
596,9780307472880,9
596,9780307474278,6
596,9780062693662,0
596,9780143039433,7
596,9780316015844,0
596,9780446605236,10
596,9780440212560,10
596,9781503278921,7
596,9780525478812,9
596,9780307588364,7
596,9780440180296,0
596,9780679732761,2
596,9780156029438,0
596,9781594634024,8
596,9780140280098,10
596,9780312924584,6
596,9781250301697,10
596,9780141439556,0
596,9780142437209,10
596,9780062073488,0
596,9780141439518,8
596,9780307454546,6
596,9780394758282,10
596,9780307341556,9
596,9780316017930,5
596,9780143113492,9
597,9780307341556,10
597,9780307474278,10
597,9781524763138,1
597,9780142437247,10
597,9780786838653,0
597,9780440180296,9
597,9780060883287,9
597,9781400033416,9
597,9780394758282,10
597,9780143039433,9
597,9780062693662,6
597,9780060935467,0
597,9780385737951,3
597,9781400079988,10
597,9780312924584,10
597,9781250012579,5
597,9781250301697,9
597,9780307454546,9
597,9780486415871,9
598,9780486411095,5
598,9780440180296,10
598,9780142437247,7
598,9780060883287,0
598,9780547928227,6
598,9780743273565,10
598,9780156029438,4
598,9780553283686,5
598,9780316769488,10
598,9780486415871,10
598,9780812550702,3
598,9780525478812,0
598,9780679732761,0
598,9781400079988,9
598,9780439023528,0
599,9780142437247,0
599,9780486282114,6
599,9780394758282,3
599,9780143039983,0
599,9780375869020,7
599,9780062073488,0
599,9781501142970,10
599,9780439023528,8
599,9780062094354,8
599,9780786838653,2
599,9780142410318,9
599,9781400033416,5
599,9780486411095,8
599,9781501156751,8
599,9780385737951,10
599,9781451696196,10
599,9780812548051,7
599,9780345337665,7
599,9780486266847,0
599,9780062259653,7
599,9780312674397,8
599,9780307743683,8
599,9780307743657,8
599,9780380729407,0
599,9780440414803,0
599,9780544336261,9
599,9781627792127,10
599,9780142410370,10
599,9780062024039,9
600,9780756404741,10
600,9780590353427,7
600,9780812548051,8
600,9781501156751,10
600,9780553103540,9
600,9780143039983,0
600,9780307743657,0
600,9780679879244,0
600,9780380729407,0
600,9780062259653,10
600,9780553283686,2
600,9780062094354,10
600,9780486266847,0
600,9780374533557,1
600,9781501142970,9
600,9780345337665,8
600,9780786838653,0
600,9780486282114,6
600,9780812550702,1
600,9780307743683,9
600,9780062693662,5
600,9780547928227,10
600,9780307454546,3
600,9780765311788,8
600,9780486411095,10
600,9780375826696,0
600,9780765326355,9
600,9780618640157,10
600,9780064404990,10
600,9780486415871,4
599,9780743273565,9
146,9780743273565,9
94,9780743273565,5
544,9780743273565,7
325,9780743273565,9
554,9780743273565,8
520,9780743273565,8
257,9780743273565,10
223,9780743273565,9
197,9780743273565,8
361,9780743273565,10
65,9780743273565,8
546,9780743273565,9
44,9780743273565,8
239,9780743273565,10
302,9780743273565,7
570,9780743273565,8
421,9780743273565,10
87,9780743273565,6
262,9780743273565,9
230,9780743273565,9
569,9780743273565,10
387,9780743273565,6
38,9780743273565,9
64,9780743273565,10
525,9780743273565,10
338,9780743273565,7
449,9780743273565,10
348,9780743273565,5
229,9780743273565,5
480,9780743273565,10
314,9780743273565,9
454,9780743273565,6
402,9780743273565,5
222,9780743273565,7
108,9780743273565,8
542,9780743273565,8
224,9780743273565,8
185,9780743273565,5
17,9780743273565,8
14,9780743273565,8
163,9780743273565,9
170,9780743273565,10
499,9780743273565,10
351,9780743273565,7
161,9780743273565,10
208,9780743273565,10
303,9780743273565,5
81,9780743273565,9
595,9780743273565,6
164,9780743273565,10
437,9780743273565,9
504,9780743273565,7
413,9780743273565,9
5,9780743273565,8
91,9780743273565,6
21,9780743273565,8
388,9780743273565,8
438,9780743273565,7
535,9780743273565,8
518,9780743273565,10
457,9780743273565,7
515,9780743273565,10
133,9780743273565,5
379,9780743273565,10
370,9780743273565,7
283,9780743273565,8
565,9780743273565,6
296,9780743273565,10
112,9780743273565,9
286,9780743273565,10
169,9780743273565,5
129,9780743273565,9
360,9780743273565,5
327,9780743273565,8
470,9780743273565,8
22,9780743273565,10
322,9780743273565,7
154,9780743273565,5
195,9780812550702,9
327,9780812550702,10
496,9780812550702,6
393,9780812550702,7
62,9780812550702,9
402,9780812550702,8
464,9780812550702,8
214,9780812550702,8
276,9780812550702,9
186,9780812550702,7
260,9780812550702,10
288,9780812550702,5
87,9780812550702,9
365,9780812550702,9
96,9780812550702,10
445,9780812550702,9
154,9780812550702,10
324,9780812550702,7
448,9780812550702,8
426,9780812550702,9
66,9780812550702,7
161,9780812550702,8
271,9780812550702,7
248,9780812550702,10
427,9780812550702,6
309,9780812550702,5
559,9780812550702,9
351,9780812550702,8
77,9780812550702,7
455,9780812550702,10
541,9780812550702,8
166,9780812550702,8
461,9780812550702,8
508,9780812550702,9
486,9780812550702,7
596,9780812550702,9
397,9780812550702,9
589,9780812550702,10
401,9780812550702,5
31,9780812550702,10
505,9780812550702,9
262,9780812550702,8
89,9780812550702,9
387,9780812550702,10
314,9780812550702,6
27,9780812550702,8
555,9780812550702,7
63,9780812550702,7
159,9780812550702,8
336,9780812550702,10
423,9780812550702,6
556,9780812550702,10
338,9780812550702,8
437,9780812550702,10
130,9780812550702,8
256,9780812550702,9
557,9780812550702,7
490,9780812550702,9
491,9780812550702,9
392,9780812550702,7
337,9780812550702,5
552,9780812550702,10
1,9780812550702,9
579,9780812550702,9
305,9780812550702,10
483,9780812550702,7
290,9780812550702,7
353,9780812550702,7
118,9780812550702,10
198,9780812550702,10
463,9780812550702,5
280,9780812550702,9
7,9780812550702,10
574,9780812550702,7
273,9780812550702,10
332,9780812550702,9
551,9780812550702,7
215,9780812550702,8
420,9780812550702,8
183,9780812550702,9
409,9780812550702,10
417,9780812550702,9
48,9781501142970,8
553,9781501142970,9
463,9781501142970,10
411,9781501142970,9
262,9781501142970,10
179,9781501142970,6
500,9781501142970,5
450,9781501142970,10
477,9781501142970,10
107,9781501142970,7
115,9781501142970,7
360,9781501142970,6
457,9781501142970,8
564,9781501142970,7
468,9781501142970,7
199,9781501142970,10
492,9781501142970,10
550,9781501142970,10
88,9781501142970,7
350,9781501142970,9
126,9781501142970,9
67,9781501142970,9
388,9781501142970,6
486,9781501142970,9
579,9781501142970,5
241,9781501142970,6
541,9781501142970,10
508,9781501142970,9
65,9781501142970,8
299,9781501142970,9
21,9781501142970,9
221,9781501142970,7
121,9781501142970,9
408,9781501142970,9
436,9781501142970,10
426,9781501142970,9
124,9781501142970,9
435,9781501142970,8
174,9781501142970,7
319,9781501142970,9
407,9781501142970,8
442,9781501142970,8
581,9781501142970,8
403,9781501142970,9
177,9781501142970,8
515,9781501142970,6
142,9781501142970,5
476,9781501142970,10
186,9781501142970,10
129,9781501142970,7
506,9781501142970,7
415,9781501142970,8
434,9781501142970,10
451,9781501142970,6
44,9781501142970,8
467,9781501142970,8
105,9781501142970,8
402,9781501142970,9
454,9781501142970,10
275,9781501142970,7
368,9781501142970,8
472,9781501142970,7
145,9781501142970,9
342,9781501142970,10
380,9781501142970,10
324,9781501142970,7
155,9781501142970,7
57,9781501142970,9
27,9781501142970,10
389,9781501142970,5
36,9781501142970,8
587,9781501142970,10
398,9781501142970,9
123,9781501142970,9
138,9781501142970,10
66,9781501142970,9
427,9781501142970,9
419,9781501142970,9
570,9781501142970,8
50,9781501142970,9
178,9781501142970,5
449,9781501142970,6
162,9781501142970,10
266,9781501142970,7
96,9781501142970,9
93,9781501142970,10
493,9781501142970,9
286,9781501142970,5
58,9781501142970,10
290,9781501142970,7
171,9781501142970,7
531,9781501142970,7
228,9781501142970,9
401,9781501142970,9
1,9781501142970,5
231,9781501142970,9
422,9781501142970,8
14,9781501142970,10
223,9781501142970,5
213,9780345391803,8
515,9780345391803,10
492,9780345391803,9
97,9780345391803,9
19,9780345391803,10
155,9780345391803,5
197,9780345391803,9
42,9780345391803,10
108,9780345391803,8
378,9780345391803,7
358,9780345391803,7
306,9780345391803,10
502,9780345391803,7
437,9780345391803,8
573,9780345391803,10
63,9780345391803,9
244,9780345391803,9
40,9780345391803,7
318,9780345391803,9
335,9780345391803,5
277,9780345391803,7
431,9780345391803,9
534,9780345391803,10
206,9780345391803,9
596,9780345391803,9
281,9780345391803,9
217,9780345391803,5
247,9780345391803,10
427,9780345391803,9
1,9780345391803,8
367,9780345391803,9
269,9780345391803,9
201,9780345391803,7
191,9780345391803,9
105,9780345391803,9
111,9780345391803,9
123,9780345391803,10
353,9780345391803,8
273,9780345391803,8
341,9780345391803,5
134,9780345391803,10
486,9780345391803,10
547,9780345391803,6
389,9780345391803,10
49,9780345391803,10
69,9780345391803,7
538,9780345391803,8
300,9780345391803,10
68,9780345391803,8
555,9780345391803,9
325,9780345391803,7
132,9780345391803,10
593,9780345391803,9
310,9780345391803,6
209,9780345391803,5
408,9780345391803,10
28,9780345391803,8
77,9780345391803,9
564,9780345391803,9
14,9780345391803,6
110,9780345391803,9
85,9780345391803,9
349,9780345391803,10
222,9780345391803,7
530,9780345391803,8
527,9780345391803,6
320,9780345391803,9
198,9780345391803,10
586,9780345391803,5
312,9780345391803,8
154,9780345391803,7
187,9780345391803,8
324,9780345391803,9
336,9780345391803,6
137,9780345391803,8
459,9780345391803,9
507,9780345391803,9
107,9780345391803,9
65,9780345391803,9
31,9780345391803,8
299,9780345391803,7
212,9780345391803,5
562,9780345391803,7
60,9780345391803,8
549,9780345391803,9
531,9780345391803,10
172,9780345391803,7
104,9780345391803,5
323,9780345391803,9
406,9780345391803,9
184,9780345391803,6
407,9780345391803,7
395,9780345391803,7
177,9780345391803,9
89,9780345391803,9
158,9780345391803,7
347,9780345391803,10
288,9780345391803,8
35,9780307474278,10
3,9780307474278,9
39,9780307474278,7
283,9780307474278,8
528,9780307474278,5
367,9780307474278,8
312,9780307474278,8
139,9780307474278,7
197,9780307474278,8
519,9780307474278,6
107,9780307474278,5
9,9780307474278,8
292,9780307474278,6
334,9780307474278,7
170,9780307474278,10
335,9780307474278,10
255,9780307474278,10
395,9780307474278,8
150,9780307474278,5
331,9780307474278,10
370,9780307474278,7
442,9780307474278,8
81,9780307474278,10
279,9780307474278,8
276,9780307474278,10
104,9780307474278,10
160,9780307474278,8
556,9780307474278,7
63,9780307474278,9
65,9780307474278,9
60,9780307474278,9
196,9780307474278,9
133,9780307474278,6
125,9780307474278,8
342,9780307474278,7
579,9780307474278,7
262,9780307474278,6
111,9780307474278,8
509,9780307474278,6
576,9780307474278,7
113,9780307474278,7
114,9780307474278,8
99,9780307474278,10
316,9780307474278,9
240,9780307474278,9
162,9780307474278,5
590,9780307474278,6
598,9780307474278,10
416,9780307474278,9
352,9780307474278,9
422,9780307474278,8
79,9780307474278,6
127,9780307474278,7
398,9780307474278,6
423,9780307474278,9
91,9780307474278,9
62,9780307474278,6
543,9780307474278,7
213,9780307474278,7
225,9780307474278,8
24,9780307474278,9
126,9780307474278,10
466,9780307474278,7
346,9780307474278,7
378,9780307474278,10
400,9780307474278,10
192,9780307474278,6
227,9780307474278,8
591,9780307474278,5
540,9780307474278,5
315,9780307474278,6
102,9780307474278,10
301,9780307474278,7
124,9780307474278,5
145,9780307474278,6
202,9780307474278,5
569,9780307474278,8
87,9780307474278,10
90,9780307474278,6
259,9780307474278,7
12,9780307474278,8
384,9780307474278,8
250,9780307474278,9
136,9780307474278,9
330,9780307474278,10
103,9780307474278,8
441,9780307474278,9
293,9780307474278,9
399,9780307474278,9
329,9780307474278,10
7,9780307474278,10
176,9780307474278,5
489,9780307474278,9
514,9780307474278,8
189,9780307474278,9
4,9780307474278,9
482,9780307474278,8
524,9780307474278,10
461,9780440180296,8
189,9780440180296,5
360,9780440180296,9
413,9780440180296,8
314,9780440180296,5
80,9780440180296,10
66,9780440180296,10
357,9780440180296,8
459,9780440180296,7
445,9780440180296,7
297,9780440180296,5
390,9780440180296,6
463,9780440180296,8
172,9780440180296,7
458,9780440180296,8
595,9780440180296,7
195,9780440180296,7
223,9780440180296,10
421,9780440180296,8
519,9780440180296,10
454,9780440180296,8
116,9780440180296,8
512,9780440180296,5
322,9780440180296,7
49,9780440180296,9
365,9780440180296,9
47,9780440180296,9
98,9780440180296,6
68,9780440180296,8
148,9780440180296,5
9,9780440180296,5
289,9780440180296,6
146,9780440180296,8
379,9780440180296,8
229,9780440180296,7
242,9780440180296,10
216,9780440180296,8
88,9780440180296,9
218,9780440180296,8
417,9780440180296,8
442,9780440180296,7
483,9780440180296,9
315,9780440180296,8
539,9780440180296,7
424,9780440180296,10
499,9780440180296,9
41,9780440180296,9
500,9780440180296,9
118,9780440180296,10
113,9780440180296,10
121,9780440180296,6
554,9780440180296,8
506,9780440180296,7
465,9780440180296,7
246,9780440180296,10
62,9780440180296,9
202,9780440180296,7
507,9780440180296,9
528,9780440180296,9
330,9780440180296,7
378,9780440180296,8
11,9780440180296,8
187,9780440180296,10
412,9780440180296,9
67,9780440180296,9
108,9780440180296,9
207,9780440180296,8
446,9780440180296,8
92,9780440180296,5
371,9780440180296,7
431,9780440180296,9
174,9780440180296,7
409,9780440180296,7
261,9780440180296,10
276,9780440180296,5
370,9780440180296,6
147,9780440180296,9
566,9780440180296,7
193,9780440180296,6
106,9780440180296,6
553,9780440180296,8
36,9780440180296,6
144,9780440180296,9
237,9780440180296,9
332,9780440180296,9
283,9780440180296,8
443,9780440180296,9
14,9780440180296,7
375,9780486282114,10
351,9780486282114,7
335,9780486282114,9
108,9780486282114,8
511,9780486282114,9
481,9780486282114,10
296,9780486282114,8
442,9780486282114,7
329,9780486282114,8
160,9780486282114,7
316,9780486282114,10
588,9780486282114,9
277,9780486282114,7
222,9780486282114,10
449,9780486282114,6
586,9780486282114,8
518,9780486282114,5
139,9780486282114,7
25,9780486282114,5
190,9780486282114,9
131,9780486282114,10
53,9780486282114,8
282,9780486282114,6
75,9780486282114,9
429,9780486282114,7
416,9780486282114,10
43,9780486282114,9
469,9780486282114,7
386,9780486282114,8
349,9780486282114,6
64,9780486282114,8
110,9780486282114,10
286,9780486282114,6
526,9780486282114,9
473,9780486282114,5
430,9780486282114,8
49,9780486282114,8
422,9780486282114,10
463,9780486282114,9
238,9780486282114,9
383,9780486282114,8
35,9780486282114,10
57,9780486282114,10
165,9780486282114,9
121,9780486282114,8
184,9780486282114,6
61,9780486282114,5
384,9780486282114,7
2,9780486282114,9
433,9780486282114,6
407,9780486282114,10
398,9780486282114,6
117,9780486282114,7
344,9780486282114,7
260,9780486282114,10
360,9780486282114,6
130,9780486282114,7
223,9780486282114,8
532,9780486282114,5
257,9780486282114,7
271,9780486282114,8
106,9780486282114,5
28,9780486282114,9
547,9780486282114,9
549,9780486282114,7
504,9780486282114,9
587,9780486282114,9
548,9780486282114,8
18,9780486282114,8
153,9780486282114,7
486,9780486282114,6
520,9780486282114,10
126,9780486282114,6
485,9780486282114,6
96,9780486282114,9
50,9780486282114,8
569,9780486282114,9
186,9780486282114,6
62,9780486282114,9
357,9780486282114,6
494,9780486282114,9
58,9780374533557,9
136,9780374533557,10
124,9780374533557,8
391,9780374533557,7
80,9780374533557,10
395,9780374533557,6
36,9780374533557,10
320,9780374533557,9
390,9780374533557,10
52,9780374533557,8
153,9780374533557,8
438,9780374533557,9
376,9780374533557,5
301,9780374533557,10
85,9780374533557,8
46,9780374533557,8
272,9780374533557,7
204,9780374533557,5
502,9780374533557,5
477,9780374533557,10
34,9780374533557,8
171,9780374533557,8
425,9780374533557,9
470,9780374533557,9
576,9780374533557,9
339,9780374533557,5
11,9780374533557,8
330,9780374533557,5
424,9780374533557,6
173,9780374533557,5
462,9780374533557,10
192,9780374533557,8
281,9780374533557,5
407,9780374533557,6
275,9780374533557,6
334,9780374533557,10
561,9780374533557,7
10,9780374533557,10
302,9780374533557,8
551,9780374533557,9
366,9780374533557,9
88,9780374533557,9
33,9780374533557,9
415,9780374533557,10
328,9780374533557,9
241,9780374533557,9
181,9780374533557,10
191,9780374533557,7
414,9780374533557,6
497,9780374533557,10
79,9780374533557,9
521,9780374533557,6
345,9780374533557,7
185,9780374533557,9
356,9780374533557,7
176,9780374533557,8
466,9780374533557,9
183,9780374533557,10
595,9780374533557,7
299,9780374533557,9
143,9780374533557,5
150,9780374533557,8
146,9780374533557,9
357,9780374533557,8
253,9780374533557,9
264,9780374533557,9
542,9780374533557,7
454,9780374533557,8
571,9780374533557,9
490,9780374533557,9
400,9780374533557,10
553,9780374533557,9
578,9780374533557,5
550,9780374533557,9
384,9780374533557,10
348,9780374533557,5
249,9780374533557,8
83,9780374533557,9
82,9780374533557,7
343,9780374533557,9
133,9780374533557,7
468,9780374533557,9
476,9780374533557,8
187,9780374533557,10
431,9780374533557,9
267,9780374533557,7
460,9780374533557,6
505,9780374533557,8
449,9780374533557,9
224,9780374533557,6
8,9780374533557,8
256,9780374533557,9
300,9780374533557,9
287,9780374533557,9
111,9780374533557,8
494,9780374533557,6
340,9780374533557,6
145,9780374533557,10
25,9780374533557,10
538,9780374533557,7
103,9780374533557,7
402,9781501156751,6
593,9781501156751,7
193,9781501156751,7
581,9781501156751,9
454,9781501156751,9
260,9781501156751,7
371,9781501156751,6
99,9781501156751,7
88,9781501156751,8
405,9781501156751,5
347,9781501156751,7
71,9781501156751,10
433,9781501156751,7
5,9781501156751,6
560,9781501156751,9
178,9781501156751,10
304,9781501156751,6
109,9781501156751,6
231,9781501156751,8
596,9781501156751,8
436,9781501156751,7
437,9781501156751,10
350,9781501156751,6
476,9781501156751,6
153,9781501156751,10
589,9781501156751,9
313,9781501156751,6
68,9781501156751,9
96,9781501156751,10
218,9781501156751,9
138,9781501156751,10
465,9781501156751,6
198,9781501156751,8
588,9781501156751,9
122,9781501156751,10
597,9781501156751,9
90,9781501156751,5
551,9781501156751,7
270,9781501156751,8
410,9781501156751,6
338,9781501156751,7
374,9781501156751,5
56,9781501156751,6
223,9781501156751,10
349,9781501156751,8
65,9781501156751,9
470,9781501156751,7
431,9781501156751,8
370,9781501156751,7
389,9781501156751,6
63,9781501156751,6
189,9781501156751,7
142,9781501156751,7
90,9781250012579,10
326,9781250012579,6
437,9781250012579,8
207,9781250012579,8
302,9781250012579,9
68,9781250012579,7
451,9781250012579,5
80,9781250012579,9
67,9781250012579,9
390,9781250012579,8
236,9781250012579,10
201,9781250012579,8
357,9781250012579,10
457,9781250012579,10
368,9781250012579,7
267,9781250012579,9
217,9781250012579,6
249,9781250012579,6
332,9781250012579,9
310,9781250012579,10
111,9781250012579,9
497,9781250012579,10
421,9781250012579,9
558,9781250012579,10
145,9781250012579,8
151,9781250012579,9
34,9781250012579,10
553,9781250012579,8
137,9781250012579,7
43,9781250012579,10
178,9781250012579,5
525,9781250012579,9
355,9781250012579,6
472,9781250012579,10
122,9781250012579,9
428,9781250012579,7
103,9781250012579,10
527,9781250012579,8
583,9781250012579,7
438,9781250012579,9
379,9781250012579,7
301,9781250012579,10
587,9781250012579,8
110,9781250012579,7
575,9781250012579,7
330,9781250012579,10
255,9781250012579,10
429,9781250012579,7
554,9781250012579,7
206,9781250012579,10
599,9781250012579,6
530,9781250012579,8
445,9781250012579,7
114,9781250012579,7
229,9781250012579,8
478,9781250012579,9
396,9781250012579,5
440,9781250012579,7
12,9781250012579,7
327,9781250012579,8
280,9781250012579,9
247,9781250012579,5
232,9781250012579,8
464,9781250012579,6
21,9781250012579,9
496,9781250012579,5
392,9781250012579,8
481,9781250012579,9
81,9781250012579,6
511,9781250012579,9
359,9781250012579,6
133,9781250012579,6
248,9781250012579,7
3,9781250012579,9
386,9781250012579,10
469,9781250012579,8
551,9781250012579,7
192,9781250012579,10
123,9781250012579,7
549,9780756404741,10
374,9780756404741,9
475,9780756404741,9
420,9780756404741,7
254,9780756404741,9
592,9780756404741,5
402,9780756404741,5
152,9780756404741,9
146,9780756404741,8
343,9780756404741,10
277,9780756404741,10
500,9780756404741,9
417,9780756404741,7
201,9780756404741,8
181,9780756404741,10
515,9780756404741,10
100,9780756404741,7
79,9780756404741,10
473,9780756404741,6
119,9780756404741,9
448,9780756404741,7
380,9780756404741,9
218,9780756404741,5
351,9780756404741,5
341,9780756404741,6
356,9780756404741,6
200,9780756404741,5
276,9780756404741,6
379,9780756404741,7
49,9780756404741,9
436,9780756404741,7
534,9780756404741,5
345,9780756404741,6
577,9780756404741,9
132,9780756404741,5
270,9780756404741,9
552,9780756404741,5
423,9780756404741,8
242,9780756404741,10
573,9780756404741,10
560,9780756404741,8
334,9780756404741,9
284,9780756404741,5
125,9780756404741,7
458,9780756404741,8
225,9780756404741,6
88,9780756404741,8
320,9780756404741,6
122,9780756404741,9
556,9780756404741,7
163,9780756404741,10
73,9780756404741,8
365,9780756404741,8
259,9780756404741,9
318,9780756404741,7
34,9780756404741,10
412,9780756404741,7
474,9780756404741,6
399,9780756404741,8
151,9780756404741,6
319,9780756404741,10
147,9780756404741,7
268,9780756404741,10
531,9780756404741,9
24,9780756404741,8
563,9780756404741,7
536,9780756404741,9
497,9780756404741,8
477,9780756404741,5
21,9780756404741,10
206,9780756404741,7
378,9780756404741,7
129,9780756404741,6
472,9780756404741,5
237,9780756404741,6
221,9780756404741,5
195,9780756404741,5
582,9780756404741,8
505,9780756404741,5
572,9780756404741,9
26,9780756404741,9
405,9780756404741,9
583,9780756404741,9
338,9780756404741,10
207,9781503278921,7
580,9781503278921,10
298,9781503278921,9
496,9781503278921,6
200,9781503278921,10
209,9781503278921,9
292,9781503278921,7
44,9781503278921,9
465,9781503278921,10
114,9781503278921,6
156,9781503278921,7
103,9781503278921,8
545,9781503278921,7
164,9781503278921,5
95,9781503278921,7
393,9781503278921,9
18,9781503278921,9
445,9781503278921,5
583,9781503278921,6
226,9781503278921,9
69,9781503278921,9
541,9781503278921,6
473,9781503278921,10
117,9781503278921,9
87,9781503278921,9
28,9781503278921,7
558,9781503278921,10
63,9781503278921,9
555,9781503278921,10
571,9781503278921,5
409,9781503278921,8
492,9781503278921,9
7,9781503278921,7
144,9781503278921,7
365,9781503278921,8
461,9781503278921,8
325,9781503278921,10
246,9781503278921,7
367,9781503278921,7
434,9781503278921,9
318,9781503278921,8
72,9781503278921,5
194,9781503278921,6
299,9781503278921,7
463,9781503278921,8
536,9781503278921,8
401,9781503278921,9
571,9781250301697,6
371,9781250301697,6
561,9781250301697,7
354,9781250301697,6
187,9781250301697,10
28,9781250301697,7
76,9781250301697,8
318,9781250301697,10
311,9781250301697,7
316,9781250301697,6
564,9781250301697,9
504,9781250301697,8
145,9781250301697,8
5,9781250301697,8
458,9781250301697,6
278,9781250301697,9
563,9781250301697,6
478,9781250301697,10
15,9781250301697,7
194,9781250301697,9
138,9781250301697,9
106,9781250301697,9
463,9781250301697,7
468,9781250301697,7
337,9781250301697,9
258,9781250301697,8
543,9781250301697,10
77,9781250301697,9
27,9781250301697,8
181,9781250301697,6
7,9781250301697,8
109,9781250301697,9
54,9781250301697,9
499,9781250301697,10
135,9781250301697,7
521,9781250301697,8
70,9781250301697,7
154,9781250301697,8
465,9781250301697,8
177,9781250301697,10
350,9781250301697,10
335,9781250301697,8
366,9781250301697,9
118,9781250301697,10
160,9781250301697,7
442,9781250301697,8
220,9781250301697,9
475,9781250301697,7
58,9781250301697,9
506,9781250301697,10
437,9781250301697,10
217,9781250301697,5
213,9781250301697,8
163,9781250301697,9
358,9781250301697,9
479,9781250301697,10
397,9781250301697,10
440,9781250301697,5
448,9781250301697,8
546,9781250301697,9
179,9781250301697,7
340,9780345337665,10
3,9780345337665,9
318,9780345337665,9
170,9780345337665,7
269,9780345337665,6
387,9780345337665,9
512,9780345337665,9
366,9780345337665,7
48,9780345337665,6
49,9780345337665,5
307,9780345337665,9
407,9780345337665,5
7,9780345337665,5
226,9780345337665,9
520,9780345337665,9
188,9780345337665,8
33,9780345337665,9
105,9780345337665,6
146,9780345337665,7
476,9780345337665,9
167,9780345337665,7
29,9780345337665,8
162,9780345337665,5
343,9780345337665,8
179,9780345337665,9
113,9780345337665,10
189,9780345337665,5
230,9780345337665,9
575,9780345337665,7
13,9780345337665,10
289,9780345337665,7
272,9780345337665,9
392,9780345337665,9
138,9780345337665,6
505,9780345337665,9
388,9780345337665,10
250,9780345337665,10
301,9780345337665,5
524,9780345337665,10
270,9780345337665,8
483,9780345337665,8
94,9780345337665,9
100,9780345337665,7
135,9780345337665,10
283,9780345337665,10
379,9780345337665,8
574,9780345337665,9
247,9780345337665,6
560,9780345337665,5
513,9780345337665,7
357,9780345337665,5
302,9780380729407,9
92,9780380729407,7
192,9780380729407,8
559,9780380729407,7
417,9780380729407,9
329,9780380729407,6
278,9780380729407,7
37,9780380729407,7
477,9780380729407,6
561,9780380729407,5
454,9780380729407,10
179,9780380729407,5
36,9780380729407,8
383,9780380729407,9
319,9780380729407,5
123,9780380729407,8
343,9780380729407,8
124,9780380729407,9
50,9780380729407,7
210,9780380729407,9
469,9780380729407,8
379,9780380729407,10
459,9780380729407,9
478,9780380729407,10
3,9780380729407,9
389,9780380729407,6
31,9780380729407,10
412,9780380729407,6
434,9780380729407,5
283,9780380729407,8
116,9780380729407,6
217,9780380729407,10
269,9780380729407,7
577,9780380729407,8
570,9780380729407,9
369,9780380729407,9
562,9780380729407,10
552,9780380729407,6
164,9780380729407,8
497,9780380729407,9
475,9780380729407,9
64,9780380729407,5
135,9780380729407,10
140,9780380729407,9
426,9780380729407,8
114,9780380729407,10
398,9780380729407,5
446,9780380729407,7
22,9780380729407,6
435,9780380729407,10
128,9780380729407,10
20,9780380729407,9
174,9780380729407,5
231,9780380729407,9
79,9780380729407,9
141,9780380729407,8
28,9780380729407,6
266,9780380729407,7
375,9780380729407,5
393,9780380729407,5
113,9780380729407,6
580,9780380729407,10
481,9780380729407,9
211,9780380729407,10
268,9780380729407,7
105,9780380729407,9
184,9780380729407,5
291,9780380729407,8
263,9780380729407,9
370,9780380729407,7
138,9780380729407,5
304,9780380729407,10
44,9780380729407,10
125,9780380729407,10
523,9780380729407,9
277,9780380729407,8
377,9780380729407,6
243,9780380729407,9
456,9780380729407,9
362,9780380729407,8
271,9780380729407,7
255,9780380729407,10
2,9780380729407,8
58,9780380729407,7
265,9780380729407,8
46,9780380729407,9
402,9780380729407,5
340,9780380729407,9
353,9780380729407,7
438,9780380729407,6
361,9780380729407,10
349,9780380729407,9
429,9780394758282,10
567,9780394758282,6
295,9780394758282,9
180,9780394758282,8
84,9780394758282,6
95,9780394758282,8
395,9780394758282,10
463,9780394758282,6
9,9780394758282,6
55,9780394758282,10
45,9780394758282,10
527,9780394758282,10
141,9780394758282,5
109,9780394758282,7
136,9780394758282,8
275,9780394758282,7
11,9780394758282,9
469,9780394758282,6
387,9780394758282,8
444,9780394758282,6
292,9780394758282,10
346,9780394758282,10
399,9780394758282,10
131,9780394758282,5
341,9780394758282,7
586,9780394758282,5
103,9780394758282,8
108,9780394758282,7
246,9780394758282,8
278,9780394758282,10
555,9780394758282,5
335,9780394758282,8
28,9780394758282,6
85,9780394758282,9
540,9780394758282,10
293,9780394758282,9
521,9780394758282,9
279,9780394758282,10
145,9780394758282,10
361,9780394758282,7
302,9780394758282,10
478,9780394758282,6
151,9780394758282,10
296,9780394758282,8
314,9780394758282,10
129,9780394758282,6
111,9780394758282,9
370,9780394758282,8
422,9780394758282,9
237,9780394758282,8
264,9780394758282,9
270,9780394758282,6
394,9780394758282,8
334,9780394758282,7
104,9780394758282,10
291,9780394758282,8
265,9780394758282,7
313,9780394758282,10
497,9780394758282,9
317,9780394758282,10
70,9780394758282,9
300,9780394758282,9
164,9780394758282,7
325,9780394758282,8
138,9780394758282,9
546,9780394758282,9
455,9780394758282,10
509,9780394758282,9
274,9780394758282,8
342,9780394758282,10
409,9780394758282,9
202,9780394758282,9
153,9780394758282,7
195,9780394758282,9
163,9780394758282,8
443,9780394758282,10
590,9780394758282,9
454,9780394758282,7
287,9780394758282,9
118,9780394758282,5
535,9780394758282,7
537,9780394758282,7
244,9780394758282,10
543,9780394758282,9
40,9780394758282,10
490,9780394758282,7
481,9780394758282,6
51,9780394758282,7
115,9780394758282,6
398,9780394758282,9
360,9780394758282,8
312,9780394758282,5
518,9780394758282,9
256,9780394758282,6
134,9780394758282,5
113,9780394758282,5
316,9780394758282,10
110,9780394758282,9
250,9780394758282,10
249,9780394758282,6
248,9780394758282,6
33,9780307743683,6
26,9780307743683,10
83,9780307743683,8
471,9780307743683,5
231,9780307743683,5
115,9780307743683,7
386,9780307743683,10
198,9780307743683,9
227,9780307743683,7
137,9780307743683,10
301,9780307743683,7
529,9780307743683,9
510,9780307743683,10
314,9780307743683,10
261,9780307743683,7
492,9780307743683,7
515,9780307743683,9
587,9780307743683,10
122,9780307743683,10
139,9780307743683,5
86,9780307743683,9
172,9780307743683,7
375,9780307743683,10
508,9780307743683,8
553,9780307743683,10
52,9780307743683,7
151,9780307743683,5
311,9780307743683,6
184,9780307743683,6
483,9780307743683,10
167,9780307743683,8
298,9780307743683,6
369,9780307743683,6
181,9780307743683,10
39,9780307743683,10
452,9780307743683,7
597,9780307743683,6
365,9780307743683,6
216,9780307743683,9
88,9780307743683,10
93,9780307743683,9
580,9780307743683,7
475,9780307743683,9
505,9780307743683,5
519,9780307743683,6
366,9780307743683,6
110,9780307743683,8
437,9780307743683,8
416,9780307743683,8
58,9780307743683,8
548,9780307743683,7
50,9780307743683,9
54,9780307743683,6
382,9780307743683,8
283,9780307743683,10
304,9780307743683,6
22,9780307743683,6
478,9780307743683,7
449,9780307743683,10
61,9780307743683,8
130,9780307743683,10
228,9780307743683,9
100,9780307743683,9
399,9780307743683,8
79,9780142437247,8
443,9780142437247,8
95,9780142437247,7
305,9780142437247,9
363,9780142437247,8
55,9780142437247,8
212,9780142437247,8
395,9780142437247,10
347,9780142437247,7
231,9780142437247,7
364,9780142437247,7
289,9780142437247,9
163,9780142437247,8
209,9780142437247,9
164,9780142437247,9
262,9780142437247,9
448,9780142437247,9
463,9780142437247,7
394,9780142437247,7
129,9780142437247,7
172,9780142437247,6
420,9780142437247,9
400,9780142437247,10
451,9780142437247,9
13,9780142437247,10
285,9780142437247,7
365,9780142437247,8
344,9780142437247,9
171,9780142437247,7
147,9780142437247,8
302,9780142437247,9
175,9780142437247,8
45,9780142437247,9
438,9780142437247,7
267,9780142437247,10
151,9780142437247,10
376,9780142437247,8
296,9780142437247,10
461,9780142437247,10
546,9780142437247,10
385,9780142437247,8
235,9780142437247,6
575,9780142437247,7
86,9780142437247,5
41,9780142437247,8
194,9780142437247,7
524,9780142437247,5
498,9780142437247,10
228,9780142437247,10
71,9780142437247,8
112,9780142437247,9
48,9780142437247,10
126,9780142437247,7
357,9780142437247,6
390,9780142437247,10
352,9780142437247,10
241,9780142437247,10
596,9780142437247,9
190,9780142437247,10
99,9780142437247,10
287,9780142437247,8
188,9780142437247,5
583,9780142437247,9
5,9780142437247,9
96,9780142437247,9
356,9780142437247,8
24,9780142437247,6
268,9780142437247,8
219,9780142437247,6
377,9780141439518,8
395,9780141439518,9
196,9780141439518,8
76,9780141439518,10
573,9780141439518,6
360,9780141439518,8
464,9780141439518,9
57,9780141439518,6
376,9780141439518,7
43,9780141439518,6
577,9780141439518,7
252,9780141439518,10
386,9780141439518,5
79,9780141439518,5
227,9780141439518,8
67,9780141439518,9
320,9780141439518,9
281,9780141439518,8
162,9780141439518,7
578,9780141439518,5
73,9780141439518,9
59,9780141439518,5
217,9780141439518,8
438,9780141439518,6
505,9780141439518,9
544,9780141439518,9
15,9780141439518,8
397,9780141439518,9
582,9780141439518,5
228,9780141439518,5
158,9780141439518,5
537,9780141439518,8
273,9780141439518,7
41,9780141439518,7
94,9780141439518,8
195,9780141439518,5
255,9780141439518,5
497,9780141439518,5
29,9780141439518,5
104,9780141439518,6
542,9780141439518,6
271,9780141439518,9
422,9780141439518,6
470,9780141439518,8
566,9780141439518,10
43,9780440212560,9
99,9780440212560,10
125,9780440212560,8
79,9780440212560,10
70,9780440212560,9
580,9780440212560,8
201,9780440212560,9
276,9780440212560,5
115,9780440212560,6
6,9780440212560,9
392,9780440212560,9
475,9780440212560,8
531,9780440212560,9
489,9780440212560,10
67,9780440212560,9
113,9780440212560,10
313,9780440212560,9
82,9780440212560,7
84,9780440212560,9
436,9780440212560,6
235,9780440212560,8
184,9780440212560,10
154,9780440212560,9
156,9780440212560,10
372,9780440212560,10
588,9780440212560,10
264,9780440212560,9
139,9780440212560,10
338,9780440212560,9
520,9780440212560,10
396,9780440212560,7
444,9780440212560,8
457,9780440212560,10
65,9780440212560,7
497,9780440212560,10
160,9780440212560,9
309,9780440212560,6
400,9780440212560,6
324,9780440212560,6
552,9780440212560,8
597,9780440212560,9
161,9780440212560,9
283,9780440212560,6
86,9780440212560,10
583,9780440212560,8
146,9780440212560,7
334,9780440212560,10
52,9780440212560,9
340,9780440212560,10
354,9780440212560,9
337,9780440212560,8
3,9780440212560,7
175,9780440212560,9
302,9780440212560,8
540,9780440212560,7
142,9780440212560,8
221,9780440212560,7
384,9780440212560,9
572,9780440212560,9
233,9780440212560,10
585,9780440212560,9
329,9780440212560,7
295,9780440212560,7
128,9780440212560,5
199,9780440212560,10
595,9780440212560,5
2,9780440212560,5
80,9780440212560,9
9,9780440212560,10
206,9780440212560,7
47,9780440212560,8
534,9780440212560,9
106,9780440212560,10
316,9780440212560,9
599,9780440212560,8
8,9780440212560,10
121,9780440212560,9
55,9780440212560,9
399,9780440212560,10
269,9780440212560,7
213,9780440212560,10
231,9780440212560,7
426,9780440212560,10
375,9780440212560,9
403,9780440212560,7
419,9780440212560,8
266,9780440212560,8
453,9780440212560,6
542,9780440212560,6
262,9780440212560,9
382,9780440212560,9
524,9780440212560,9
284,9780440212560,8
587,9780440212560,8
100,9780440212560,8
315,9780440212560,8
32,9780440212560,9
23,9780440212560,9
428,9780440212560,9
461,9780440212560,10
222,9780440212560,10
118,9780440212560,10
